Year,Season,State,District,District_Key,Yield,Previous_Year_Yield,Production,Area,Mean_Rainfall,Mean_NDVI,Peak_NDVI,Mean_EVI,Peak_EVI,Mean_Soil_Moisture,Predictors_Available,Yield_Lag_1,Yield_Lag_2,Yield_Lag_3,Yield_Rolling_Mean_2,Yield_Rolling_Mean_3,Yield_Rolling_Std_3,Previous_Yield_Change,Mean_Rainfall_Lag_1,Mean_Rainfall_Lag_2,Mean_Rainfall_Rolling_Mean_2,Mean_Rainfall_Anomaly_vs_Prior_Mean,Mean_Rainfall_Change_From_Lag_1,Mean_NDVI_Lag_1,Mean_NDVI_Lag_2,Mean_NDVI_Rolling_Mean_2,Mean_NDVI_Anomaly_vs_Prior_Mean,Mean_NDVI_Change_From_Lag_1,Peak_NDVI_Lag_1,Peak_NDVI_Lag_2,Peak_NDVI_Rolling_Mean_2,Peak_NDVI_Anomaly_vs_Prior_Mean,Peak_NDVI_Change_From_Lag_1,Mean_EVI_Lag_1,Mean_EVI_Lag_2,Mean_EVI_Rolling_Mean_2,Mean_EVI_Anomaly_vs_Prior_Mean,Mean_EVI_Change_From_Lag_1,Peak_EVI_Lag_1,Peak_EVI_Lag_2,Peak_EVI_Rolling_Mean_2,Peak_EVI_Anomaly_vs_Prior_Mean,Peak_EVI_Change_From_Lag_1,Mean_Soil_Moisture_Lag_1,Mean_Soil_Moisture_Lag_2,Mean_Soil_Moisture_Rolling_Mean_2,Mean_Soil_Moisture_Anomaly_vs_Prior_Mean,Mean_Soil_Moisture_Change_From_Lag_1
2016,2016 - 2017,1. Madhya Pradesh,Agar malwa,agarmalwa,3.62,3.8,50000.0,181000.0,6.367711306017183,0.403557314824494,0.5918839024228136,0.2342970408796068,0.3690917778145607,0.2476939252598512,True,3.8,,,3.8,3.8,,,6.523813197654501,,6.523813197654501,-0.15610189163731825,-0.15610189163731825,0.3631039515403818,,0.3631039515403818,0.0404533632841122,0.0404533632841122,0.5350433504697416,,0.5350433504697416,0.05684055195307203,0.05684055195307203,0.1984476862769697,,0.1984476862769697,0.03584935460263708,0.03584935460263708,0.3104243495117688,,0.3104243495117688,0.058667428302791924,0.058667428302791924,0.2564190193081985,,0.2564190193081985,-0.008725094048347287,-0.008725094048347287
2016,2016 - 2017,1. Madhya Pradesh,Alirajpur,alirajpur,2.73,3.95,22000.0,60000.0,1.0326288454451795,0.3749079266469255,0.5031047246463063,0.2166423890392767,0.2902979335261758,0.1910931218859041,True,3.95,,,3.95,3.95,,,2.8628938215469195,,2.8628938215469195,-1.83026497610174,-1.83026497610174,0.3513809063783759,,0.3513809063783759,0.023527020268549637,0.023527020268549637,0.4804345237224175,,0.4804345237224175,0.022670200923888773,0.022670200923888773,0.1998184274900404,,0.1998184274900404,0.01682396154923632,0.01682396154923632,0.277494318294529,,0.277494318294529,0.012803615231646803,0.012803615231646803,0.1876270014970637,,0.1876270014970637,0.0034661203888403935,0.0034661203888403935
2016,2016 - 2017,1. Madhya Pradesh,Anuppur,anuppur,1.96,1.77,27000.0,53000.0,44.93107214356198,0.3777087617063488,0.4981848956659686,0.2149448424614925,0.2875753137068307,0.1524283283451603,True,1.77,,,1.77,1.77,,,80.08883576337192,,80.08883576337192,-35.15776361980994,-35.15776361980994,0.3498456079824766,,0.3498456079824766,0.027863153723872214,0.027863153723872214,0.4894739056550334,,0.4894739056550334,0.008710990010935171,0.008710990010935171,0.1962834562667565,,0.1962834562667565,0.018661386194736007,0.018661386194736007,0.280506636432498,,0.280506636432498,0.007068677274332691,0.007068677274332691,0.1710650203899627,,0.1710650203899627,-0.018636692044802422,-0.018636692044802422
2016,2016 - 2017,1. Madhya Pradesh,Ashoknagar,ashoknagar,2.47,2.58,159000.0,393000.0,8.566634815538016,0.423289268876094,0.6280130771183973,0.2529619121149588,0.4163502757521869,0.2301956521521083,True,2.58,,,2.58,2.58,,,15.5280358061672,,15.5280358061672,-6.961400990629183,-6.961400990629183,0.3768397964601321,,0.3768397964601321,0.04644947241596192,0.04644947241596192,0.5934903258157052,,0.5934903258157052,0.03452275130269211,0.03452275130269211,0.215850480468929,,0.215850480468929,0.037111431646029786,0.037111431646029786,0.3645524992097537,,0.3645524992097537,0.05179777654243323,0.05179777654243323,0.2419809800664557,,0.2419809800664557,-0.011785327914347388,-0.011785327914347388
2016,2016 - 2017,1. Madhya Pradesh,Balaghat,balaghat,1.83,1.35,35000.0,64000.0,44.52255565338434,0.4897915172071257,0.6309559336093811,0.265971175107725,0.3537484425265914,0.2134213525702883,True,1.35,,,1.35,1.35,,,82.51973430126657,,82.51973430126657,-37.99717864788223,-37.99717864788223,0.4993124308968,,0.4993124308968,-0.009520913689674282,-0.009520913689674282,0.6605959265748752,,0.6605959265748752,-0.029639992965494133,-0.029639992965494133,0.2646684375564604,,0.2646684375564604,0.0013027375512645878,0.0013027375512645878,0.3722658009865339,,0.3722658009865339,-0.018517358459942512,-0.018517358459942512,0.2341535980538245,,0.2341535980538245,-0.020732245483536194,-0.020732245483536194
2016,2016 - 2017,1. Madhya Pradesh,Barwani,barwani,3.58,3.28,43000.0,154000.0,4.283639390771659,0.3287445281249916,0.4521735969934188,0.1859711517825903,0.2584320687337886,0.1727646457290861,True,3.28,,,3.28,3.28,,,9.969619619445632,,9.969619619445632,-5.685980228673974,-5.685980228673974,0.3246133885293171,,0.3246133885293171,0.004131139595674516,0.004131139595674516,0.4529486480376614,,0.4529486480376614,-0.0007750510442425806,-0.0007750510442425806,0.177720082305127,,0.177720082305127,0.008251069477463291,0.008251069477463291,0.2587364924735222,,0.2587364924735222,-0.0003044237397336058,-0.0003044237397336058,0.1747047457595591,,0.1747047457595591,-0.0019401000304730132,-0.0019401000304730132
2016,2016 - 2017,1. Madhya Pradesh,Betul,betul,2.65,2.47,128000.0,339000.0,32.72703678083632,0.4072292313749662,0.5719864778177911,0.2241758250432559,0.3250029437030946,0.1593314510219775,True,2.47,,,2.47,2.47,,,57.94991121737747,,57.94991121737747,-25.222874436541147,-25.222874436541147,0.3933634994710692,,0.3933634994710692,0.013865731903897005,0.013865731903897005,0.5692918006253309,,0.5692918006253309,0.002694677192460193,0.002694677192460193,0.2096809027125358,,0.2096809027125358,0.014494922330720084,0.014494922330720084,0.3103679497475816,,0.3103679497475816,0.014634993955513043,0.014634993955513043,0.1668088832452329,,0.1668088832452329,-0.00747743222325542,-0.00747743222325542
2016,2016 - 2017,1. Madhya Pradesh,Bhind,bhind,4.01,3.81,145000.0,582000.0,22.033062082717777,0.4655844074820151,0.6563493158253905,0.3117457301992657,0.4763365609823015,0.1492217984887126,True,3.81,,,3.81,3.81,,,28.117800553586488,,28.117800553586488,-6.084738470868711,-6.084738470868711,0.38126433819668,,0.38126433819668,0.08432006928533509,0.08432006928533509,0.5906303954210621,,0.5906303954210621,0.06571892040432836,0.06571892040432836,0.2479929697581402,,0.2479929697581402,0.06375276044112552,0.06375276044112552,0.4289139076940771,,0.4289139076940771,0.04742265328822437,0.04742265328822437,0.1495028819261712,,0.1495028819261712,-0.0002810834374586124,-0.0002810834374586124
2016,2016 - 2017,1. Madhya Pradesh,Bhopal,bhopal,3.46,3.0,87000.0,301000.0,7.426307280809711,0.4405514088013718,0.6503962397657796,0.2624372932778493,0.4302726880947457,0.2065166619130284,True,3.0,,,3.0,3.0,,,15.289044257760914,,15.289044257760914,-7.8627369769512025,-7.8627369769512025,0.40199221106798,,0.40199221106798,0.03855919773339178,0.03855919773339178,0.621261546133858,,0.621261546133858,0.02913469363192167,0.02913469363192167,0.2321812098096642,,0.2321812098096642,0.03025608346818512,0.03025608346818512,0.3914199503042018,,0.3914199503042018,0.038852737790543934,0.038852737790543934,0.2161885670545048,,0.2161885670545048,-0.009671905141476395,-0.009671905141476395
2016,2016 - 2017,1. Madhya Pradesh,Burhanpur,burhanpur,3.0,3.5,10000.0,30000.0,10.260420619248093,0.3887267627420887,0.5468487048523581,0.2141930356197123,0.3098368756857126,0.1757085239576768,True,3.5,,,3.5,3.5,,,28.16585572296268,,28.16585572296268,-17.905435103714588,-17.905435103714588,0.3684351652346201,,0.3684351652346201,0.020291597507468617,0.020291597507468617,0.5190867879315755,,0.5190867879315755,0.02776191692078267,0.02776191692078267,0.2069585757084118,,0.2069585757084118,0.007234459911300506,0.007234459911300506,0.2945413565442877,,0.2945413565442877,0.015295519141424907,0.015295519141424907,0.1731421987232425,,0.1731421987232425,0.0025663252344343135,0.0025663252344343135
2016,2016 - 2017,1. Madhya Pradesh,Chhatarpur,chhatarpur,2.85,1.83,209000.0,596000.0,15.09000044274578,0.4301801008430524,0.6111206049761836,0.2593548752571568,0.4014121970227342,0.1744950825182347,True,1.83,,,1.83,1.83,,,37.46280172879767,,37.46280172879767,-22.372801286051892,-22.372801286051892,0.3416822110327741,,0.3416822110327741,0.08849788981027834,0.08849788981027834,0.4855846597692884,,0.4855846597692884,0.1255359452068952,0.1255359452068952,0.2001894235341788,,0.2001894235341788,0.05916545172297799,0.05916545172297799,0.2988957370834851,,0.2988957370834851,0.10251645993924907,0.10251645993924907,0.1955447719746077,,0.1955447719746077,-0.021049689456373005,-0.021049689456373005
2016,2016 - 2017,1. Madhya Pradesh,Chhindwara,chhindwara,3.23,3.85,179000.0,578000.0,44.39159859231391,0.4083568768765385,0.5658606789982628,0.2284604253819466,0.3340197055729519,0.2069394016997514,True,3.85,,,3.85,3.85,,,77.30705731859823,,77.30705731859823,-32.915458726284314,-32.915458726284314,0.4058678643482539,,0.4058678643482539,0.0024890125282845954,0.0024890125282845954,0.5906350918132195,,0.5906350918132195,-0.024774412814956737,-0.024774412814956737,0.2167873539285208,,0.2167873539285208,0.011673071453425804,0.011673071453425804,0.3196925689403042,,0.3196925689403042,0.01432713663264773,0.01432713663264773,0.22974938818086,,0.22974938818086,-0.0228099864811086,-0.0228099864811086
2016,2016 - 2017,1. Madhya Pradesh,Damoh,damoh,3.51,2.01,95000.0,333000.0,25.717698052647,0.4148311505164068,0.5900168733640221,0.2444657217912021,0.3831391560895774,0.2294512787260849,True,2.01,,,2.01,2.01,,,45.66669896567821,,45.66669896567821,-19.94900091303121,-19.94900091303121,0.382160920070439,,0.382160920070439,0.032670230445967785,0.032670230445967785,0.575327880922412,,0.575327880922412,0.014688992441610038,0.014688992441610038,0.2213500398764311,,0.2213500398764311,0.023115681914771008,0.023115681914771008,0.3544873199747893,,0.3544873199747893,0.02865183611478811,0.02865183611478811,0.2458017892138317,,0.2458017892138317,-0.0163505104877468,-0.0163505104877468
2016,2016 - 2017,1. Madhya Pradesh,Datia,datia,3.38,2.97,146000.0,494000.0,16.68857080359088,0.4690156256326545,0.6872324822682646,0.3053442947941149,0.4969036329361585,0.133274095024389,True,2.97,,,2.97,2.97,,,23.54722775731708,,23.54722775731708,-6.8586569537262,-6.8586569537262,0.3997753775510138,,0.3997753775510138,0.0692402480816407,0.0692402480816407,0.6573500790109587,,0.6573500790109587,0.029882403257305956,0.029882403257305956,0.2463145701495951,,0.2463145701495951,0.059029724644519804,0.059029724644519804,0.4637577213482917,,0.4637577213482917,0.03314591158786684,0.03314591158786684,0.1402122370728365,,0.1402122370728365,-0.006938142048447504,-0.006938142048447504
2016,2016 - 2017,1. Madhya Pradesh,Dewas,dewas,3.69,4.1,176000.0,650000.0,6.540280384698122,0.4348420462744092,0.6671957221917632,0.2557967404226743,0.4255886545772474,0.2073077745061682,True,4.1,,,4.1,4.1,,,11.470120112079671,,11.470120112079671,-4.929839727381549,-4.929839727381549,0.4170077511921486,,0.4170077511921486,0.017834295082260587,0.017834295082260587,0.6381136816653199,,0.6381136816653199,0.029082040526443254,0.029082040526443254,0.2355083847212974,,0.2355083847212974,0.02028835570137691,0.02028835570137691,0.3864450380406437,,0.3864450380406437,0.039143616536603754,0.039143616536603754,0.2103295662567919,,0.2103295662567919,-0.003021791750623698,-0.003021791750623698
2016,2016 - 2017,1. Madhya Pradesh,Dhar,dhar,3.34,3.0,225000.0,751000.0,0.8708629410061326,0.4048063351341691,0.6001864255267323,0.2407963648159888,0.3807065245003532,0.2035406271335246,True,3.0,,,3.0,3.0,,,3.402192527541337,,3.402192527541337,-2.531329586535205,-2.531329586535205,0.3766046990994277,,0.3766046990994277,0.028201636034741406,0.028201636034741406,0.5576316211863956,,0.5576316211863956,0.04255480434033665,0.04255480434033665,0.2163019230074763,,0.2163019230074763,0.024494441808512485,0.024494441808512485,0.3385715359814574,,0.3385715359814574,0.0421349885188958,0.0421349885188958,0.2041968722488076,,0.2041968722488076,-0.0006562451152829774,-0.0006562451152829774
2016,2016 - 2017,1. Madhya Pradesh,Dindori,dindori,2.2,1.47,49000.0,108000.0,42.74372677612184,0.4422179228722848,0.5803435282113919,0.2282623880846651,0.3133037890617587,0.1631100147287573,True,1.47,,,1.47,1.47,,,83.15206839610732,,83.15206839610732,-40.408341619985485,-40.408341619985485,0.4434785412642575,,0.4434785412642575,-0.0012606183919727232,-0.0012606183919727232,0.5989391142363407,,0.5989391142363407,-0.018595586024948818,-0.018595586024948818,0.2172541609965039,,0.2172541609965039,0.011008227088161182,0.011008227088161182,0.3146364230899992,,0.3146364230899992,-0.0013326340282404647,-0.0013326340282404647,0.1918055180567355,,0.1918055180567355,-0.02869550332797821,-0.02869550332797821
2016,2016 - 2017,1. Madhya Pradesh,Guna,guna,3.83,3.74,136000.0,521000.0,7.47300398334465,0.4037447445996238,0.5998142430392626,0.2336263086389819,0.3762126964326965,0.20441645238452,True,3.74,,,3.74,3.74,,,11.48762564686493,,11.48762564686493,-4.014621663520279,-4.014621663520279,0.3765651441619115,,0.3765651441619115,0.02717960043771228,0.02717960043771228,0.5768437740707855,,0.5768437740707855,0.022970468968477098,0.022970468968477098,0.2138058992846384,,0.2138058992846384,0.01982040935434351,0.01982040935434351,0.3513301601744327,,0.3513301601744327,0.02488253625826381,0.02488253625826381,0.2124669095510848,,0.2124669095510848,-0.0080504571665648,-0.0080504571665648
2016,2016 - 2017,1. Madhya Pradesh,Gwalior,gwalior,4.01,3.79,146000.0,586000.0,16.401689627772797,0.3898198265708675,0.5527423613925362,0.2408682487806537,0.3742692574035176,0.1379286651467047,True,3.79,,,3.79,3.79,,,20.0486181005384,,20.0486181005384,-3.6469284727656017,-3.6469284727656017,0.3529981022871461,,0.3529981022871461,0.03682172428372138,0.03682172428372138,0.5351831324562815,,0.5351831324562815,0.017559228936254723,0.017559228936254723,0.2120253752891898,,0.2120253752891898,0.02884287349146389,0.02884287349146389,0.3532186512675828,,0.3532186512675828,0.02105060613593479,0.02105060613593479,0.1433188891789556,,0.1433188891789556,-0.005390224032250895,-0.005390224032250895
2016,2016 - 2017,1. Madhya Pradesh,Harda,harda,4.3,3.84,141000.0,607000.0,14.961483523753106,0.4979292795464302,0.7519060764894675,0.3040772192236667,0.5266097134015704,0.2255943271956406,True,3.84,,,3.84,3.84,,,31.19448689452336,,31.19448689452336,-16.233003370770255,-16.233003370770255,0.4707887404407306,,0.4707887404407306,0.02714053910569958,0.02714053910569958,0.7233977844715699,,0.7233977844715699,0.02850829201789762,0.02850829201789762,0.2841293388623406,,0.2841293388623406,0.01994788036132611,0.01994788036132611,0.5060728284938366,,0.5060728284938366,0.020536884907733755,0.020536884907733755,0.2287325237389463,,0.2287325237389463,-0.003138196543305688,-0.003138196543305688
2016,2016 - 2017,1. Madhya Pradesh,Hoshangabad,hoshangabad,4.5,4.25,260000.0,1170000.0,27.99479621847375,0.5143681256425979,0.7371362395019458,0.3028104498652177,0.4901991303302716,0.2227336823464562,True,4.25,,,4.25,4.25,,,46.758372954773385,,46.758372954773385,-18.763576736299637,-18.763576736299637,0.4914977713531747,,0.4914977713531747,0.022870354289423245,0.022870354289423245,0.7517001217475557,,0.7517001217475557,-0.014563882245609894,-0.014563882245609894,0.2905060101896399,,0.2905060101896399,0.012304439675577816,0.012304439675577816,0.5076363605232975,,0.5076363605232975,-0.0174372301930259,-0.0174372301930259,0.2319685513552239,,0.2319685513552239,-0.009234869008767688,-0.009234869008767688
2016,2016 - 2017,1. Madhya Pradesh,Indore,indore,4.31,4.42,130000.0,560000.0,2.154498831192253,0.4445312319290661,0.6856989487484972,0.2726195778367798,0.4600983664141264,0.2263630720926856,True,4.42,,,4.42,4.42,,,7.596111762399703,,7.596111762399703,-5.44161293120745,-5.44161293120745,0.4230992003921445,,0.4230992003921445,0.02143203153692158,0.02143203153692158,0.6570527583320517,,0.6570527583320517,0.02864619041644556,0.02864619041644556,0.2480033344157081,,0.2480033344157081,0.024616243421071715,0.024616243421071715,0.4117738989269127,,0.4117738989269127,0.048324467487213696,0.048324467487213696,0.2322960187449599,,0.2322960187449599,-0.005932946652274285,-0.005932946652274285
2016,2016 - 2017,1. Madhya Pradesh,Jabalpur,jabalpur,3.73,3.53,131000.0,489000.0,27.482719406008385,0.4609047313556099,0.6395441615523245,0.2604665285066375,0.3933898545333943,0.2466451456624347,True,3.53,,,3.53,3.53,,,61.06975285085397,,61.06975285085397,-33.58703344484559,-33.58703344484559,0.4495337375280111,,0.4495337375280111,0.011370993827598763,0.011370993827598763,0.6510160605092045,,0.6510160605092045,-0.011471898956879945,-0.011471898956879945,0.2498926134213927,,0.2498926134213927,0.010573915085244773,0.010573915085244773,0.3978093028889115,,0.3978093028889115,-0.004419448355517164,-0.004419448355517164,0.2701975328292012,,0.2701975328292012,-0.023552387166766525,-0.023552387166766525
2016,2016 - 2017,1. Madhya Pradesh,Jhabua,jhabua,3.19,2.63,48000.0,153000.0,0.3779941550284927,0.3564516683755319,0.4968638716466108,0.1999204246674622,0.2834126290875484,0.220047436284059,True,2.63,,,2.63,2.63,,,0.9865490364518256,,0.9865490364518256,-0.6085548814233328,-0.6085548814233328,0.3067067595554452,,0.3067067595554452,0.0497449088200867,0.0497449088200867,0.4341511513172995,,0.4341511513172995,0.0627127203293113,0.0627127203293113,0.167635141830761,,0.167635141830761,0.03228528283670121,0.03228528283670121,0.2465115211481252,,0.2465115211481252,0.036901107939423194,0.036901107939423194,0.2197245768529629,,0.2197245768529629,0.0003228594310961119,0.0003228594310961119
2016,2016 - 2017,1. Madhya Pradesh,Katni,katni,3.19,2.28,106000.0,338000.0,27.926024164808734,0.437563810816661,0.6240875848264787,0.2516017189750048,0.3877749567485892,0.2381113720935713,True,2.28,,,2.28,2.28,,,55.41264840865423,,55.41264840865423,-27.486624243845494,-27.486624243845494,0.4240563373526822,,0.4240563373526822,0.013507473463978792,0.013507473463978792,0.6066373667825397,,0.6066373667825397,0.017450218043939092,0.017450218043939092,0.2399961361672281,,0.2399961361672281,0.011605582807776682,0.011605582807776682,0.3704263123992124,,0.3704263123992124,0.017348644349376774,0.017348644349376774,0.2621403795777817,,0.2621403795777817,-0.024029007484210385,-0.024029007484210385
2016,2016 - 2017,1. Madhya Pradesh,Khandwa,khandwa,3.96,2.29,134000.0,530000.0,9.35936836178001,0.3473956904120823,0.5324375262635602,0.1875149665556559,0.3040143187476029,0.2195149727372441,True,2.29,,,2.29,2.29,,,23.0023181525814,,23.0023181525814,-13.642949790801389,-13.642949790801389,0.3278300843809142,,0.3278300843809142,0.01956560603116808,0.01956560603116808,0.5017686176833982,,0.5017686176833982,0.030668908580162024,0.030668908580162024,0.1739409237601781,,0.1739409237601781,0.013574042795477775,0.013574042795477775,0.2753279718029656,,0.2753279718029656,0.028686346944637287,0.028686346944637287,0.2194911967390365,,0.2194911967390365,2.3775998207603566e-05,2.3775998207603566e-05
2016,2016 - 2017,1. Madhya Pradesh,Khargone,khargone,4.14,3.36,151000.0,625000.0,3.577818189492303,0.3664613071217921,0.5349752622048781,0.2091735698554311,0.3203875056082459,0.2220387494514871,True,3.36,,,3.36,3.36,,,10.913298609702904,,10.913298609702904,-7.335480420210601,-7.335480420210601,0.3648120305575121,,0.3648120305575121,0.001649276564279989,0.001649276564279989,0.5274418271513306,,0.5274418271513306,0.0075334350535475325,0.0075334350535475325,0.2019653783326029,,0.2019653783326029,0.0072081915228282,0.0072081915228282,0.3078699469091593,,0.3078699469091593,0.012517558699086606,0.012517558699086606,0.2247856383867584,,0.2247856383867584,-0.0027468889352713077,-0.0027468889352713077
2016,2016 - 2017,1. Madhya Pradesh,Mandla,mandla,3.31,2.38,49000.0,162000.0,46.01321311118252,0.4228158680998234,0.5828667327114929,0.2197207727994988,0.3173292811186534,0.2376635433445982,True,2.38,,,2.38,2.38,,,84.80196589900507,,84.80196589900507,-38.788752787822546,-38.788752787822546,0.4308049912365068,,0.4308049912365068,-0.007989123136683374,-0.007989123136683374,0.6001748236456108,,0.6001748236456108,-0.017308090934117892,-0.017308090934117892,0.2130676360597209,,0.2130676360597209,0.0066531367397779095,0.0066531367397779095,0.3202203280222022,,0.3202203280222022,-0.0028910469035487996,-0.0028910469035487996,0.2619672128064768,,0.2619672128064768,-0.02430366946187859,-0.02430366946187859
2016,2016 - 2017,1. Madhya Pradesh,Mandsaur,mandsaur,4.31,3.26,97000.0,418000.0,11.364608754920422,0.4038867390559332,0.60525081166839,0.2405696953834278,0.3843729557973686,0.2207533143377281,True,3.26,,,3.26,3.26,,,11.641543632043028,,11.641543632043028,-0.27693487712260634,-0.27693487712260634,0.3346934498086247,,0.3346934498086247,0.0691932892473085,0.0691932892473085,0.4960577576042264,,0.4960577576042264,0.10919305406416363,0.10919305406416363,0.1866669364490372,,0.1866669364490372,0.05390275893439059,0.05390275893439059,0.2912592428787897,,0.2912592428787897,0.0931137129185789,0.0931137129185789,0.2251039546593881,,0.2251039546593881,-0.004350640321659993,-0.004350640321659993
2016,2016 - 2017,1. Madhya Pradesh,Morena,morena,3.91,4.24,117000.0,458000.0,18.328641305265844,0.4138034042708834,0.580241391198624,0.2678649446805544,0.4107005868778259,0.1448182989457002,True,4.24,,,4.24,4.24,,,21.77609686646678,,21.77609686646678,-3.447455561200936,-3.447455561200936,0.3694208493799517,,0.3694208493799517,0.044382554890931736,0.044382554890931736,0.5401063439984555,,0.5401063439984555,0.04013504720016847,0.04013504720016847,0.2360283549673639,,0.2360283549673639,0.03183658971319048,0.03183658971319048,0.375787471772072,,0.375787471772072,0.0349131151057539,0.0349131151057539,0.1423177484865621,,0.1423177484865621,0.0025005504591381067,0.0025005504591381067
2016,2016 - 2017,1. Madhya Pradesh,Narsinghpur,narsinghpur,4.04,4.08,100000.0,404000.0,33.80678837286938,0.4770069764887857,0.6392909715534146,0.2643391203654575,0.3868760801308616,0.2476979315060156,True,4.08,,,4.08,4.08,,,61.43888674666951,,61.43888674666951,-27.632098373800133,-27.632098373800133,0.4559626284765566,,0.4559626284765566,0.021044348012229097,0.021044348012229097,0.631718422207655,,0.631718422207655,0.007572549345759683,0.007572549345759683,0.2540906536999944,,0.2540906536999944,0.010248466665463085,0.010248466665463085,0.3767493230814179,,0.3767493230814179,0.010126757049443713,0.010126757049443713,0.2654894952168003,,0.2654894952168003,-0.01779156371078472,-0.01779156371078472
2016,2016 - 2017,1. Madhya Pradesh,Neemuch,neemuch,3.28,4.03,50000.0,164000.0,8.859950780945077,0.3811125000484339,0.5310605235474839,0.2264037513952377,0.3292941051315045,0.1623097811053453,True,4.03,,,4.03,4.03,,,7.176099052163243,,7.176099052163243,1.6838517287818338,1.6838517287818338,0.3272531227638796,,0.3272531227638796,0.05385937728455431,0.05385937728455431,0.4522584303997777,,0.4522584303997777,0.0788020931477062,0.0788020931477062,0.1924502036774749,,0.1924502036774749,0.033953547717762794,0.033953547717762794,0.2756739986347788,,0.2756739986347788,0.05362010649672566,0.05362010649672566,0.1625968928030255,,0.1625968928030255,-0.00028711169768019795,-0.00028711169768019795
2016,2016 - 2017,1. Madhya Pradesh,Panna,panna,3.06,1.76,77000.0,236000.0,23.700851089680203,0.3999131082759643,0.5678205592184796,0.2285348960765082,0.3484626293935973,0.1445105010287486,True,1.76,,,1.76,1.76,,,48.94016331018205,,48.94016331018205,-25.239312220501848,-25.239312220501848,0.3619950075154097,,0.3619950075154097,0.03791810076055463,0.03791810076055463,0.5362199436590989,,0.5362199436590989,0.03160061555938076,0.03160061555938076,0.2029589109814439,,0.2029589109814439,0.025575985095064313,0.025575985095064313,0.3159900169632412,,0.3159900169632412,0.032472612430356096,0.032472612430356096,0.1621868399422738,,0.1621868399422738,-0.017676338913525214,-0.017676338913525214
2016,2016 - 2017,1. Madhya Pradesh,Raisen,raisen,3.27,3.16,236000.0,771000.0,18.598020491113942,0.4495763189882803,0.6515003950842518,0.2634133543965724,0.4209269469332513,0.200683333926514,True,3.16,,,3.16,3.16,,,29.89574832257333,,29.89574832257333,-11.297727831459387,-11.297727831459387,0.417077521768371,,0.417077521768371,0.03249879721990934,0.03249879721990934,0.6355514190053011,,0.6355514190053011,0.01594897607895074,0.01594897607895074,0.2409864984216464,,0.2409864984216464,0.02242685597492597,0.02242685597492597,0.4007415671196647,,0.4007415671196647,0.02018537981358659,0.02018537981358659,0.2081972976482935,,0.2081972976482935,-0.00751396372177951,-0.00751396372177951
2016,2016 - 2017,1. Madhya Pradesh,Rajgarh,rajgarh,3.55,2.54,161000.0,571000.0,6.927463190462178,0.4093660445613299,0.6186233919666543,0.2372301456991652,0.3963340415743933,0.2364224851594281,True,2.54,,,2.54,2.54,,,11.0495833305708,,11.0495833305708,-4.122120140108621,-4.122120140108621,0.3767743913500637,,0.3767743913500637,0.032591653211266225,0.032591653211266225,0.5754441457182256,,0.5754441457182256,0.043179246248428726,0.043179246248428726,0.2042759706834025,,0.2042759706834025,0.0329541750157627,0.0329541750157627,0.3356389574006652,,0.3356389574006652,0.0606950841737281,0.0606950841737281,0.2470700965022278,,0.2470700965022278,-0.010647611342799707,-0.010647611342799707
2016,2016 - 2017,1. Madhya Pradesh,Ratlam,ratlam,3.39,3.4,109000.0,369000.0,3.765985200544897,0.4272888363548283,0.6265641633528579,0.2550501606781101,0.3941724276553465,0.2461112776142615,True,3.4,,,3.4,3.4,,,3.9748788296604474,,3.9748788296604474,-0.20889362911555054,-0.20889362911555054,0.3702327214982422,,0.3702327214982422,0.05705611485658607,0.05705611485658607,0.5426050534275587,,0.5426050534275587,0.0839591099252992,0.0839591099252992,0.2090492866328064,,0.2090492866328064,0.0460008740453037,0.0460008740453037,0.3231019226006006,,0.3231019226006006,0.07107050505474588,0.07107050505474588,0.2499749742004149,,0.2499749742004149,-0.0038636965861534034,-0.0038636965861534034
2016,2016 - 2017,1. Madhya Pradesh,Rewa,rewa,2.87,2.11,195000.0,560000.0,22.1238401444642,0.4137814124478745,0.5735982383864845,0.243995514525194,0.3752632554300983,0.1453620514007556,True,2.11,,,2.11,2.11,,,48.13464164202281,,48.13464164202281,-26.010801497558607,-26.010801497558607,0.390256995588428,,0.390256995588428,0.02352441685944645,0.02352441685944645,0.5383122581743212,,0.5383122581743212,0.03528598021216334,0.03528598021216334,0.2255243217696436,,0.2255243217696436,0.018471192755550397,0.018471192755550397,0.325024920651772,,0.325024920651772,0.05023833477832629,0.05023833477832629,0.1708828653310808,,0.1708828653310808,-0.02552081393032521,-0.02552081393032521
2016,2016 - 2017,1. Madhya Pradesh,Sagar,sagar,2.76,2.19,202000.0,557000.0,18.72019329258437,0.4302393308114678,0.6151375165850327,0.2491735331706914,0.3999235700786609,0.2296391304376547,True,2.19,,,2.19,2.19,,,35.71034109469312,,35.71034109469312,-16.99014780210875,-16.99014780210875,0.3919861175194,,0.3919861175194,0.03825321329206782,0.03825321329206782,0.5896114241883429,,0.5896114241883429,0.025526092396689792,0.025526092396689792,0.2221981916219542,,0.2221981916219542,0.02697534154873721,0.02697534154873721,0.3583700819090224,,0.3583700819090224,0.0415534881696385,0.0415534881696385,0.2453305438853994,,0.2453305438853994,-0.015691413447744718,-0.015691413447744718
2016,2016 - 2017,1. Madhya Pradesh,Satna,satna,3.61,2.95,171000.0,617000.0,24.22657237060215,0.41449354514956,0.5887338384909344,0.244130129093829,0.3803139525312481,0.1497427202467289,True,2.95,,,2.95,2.95,,,52.45908804347551,,52.45908804347551,-28.23251567287336,-28.23251567287336,0.3935783356601369,,0.3935783356601369,0.020915209489423103,0.020915209489423103,0.563783106894389,,0.563783106894389,0.024950731596545372,0.024950731596545372,0.2256116811419236,,0.2256116811419236,0.01851844795190541,0.01851844795190541,0.3457482992761779,,0.3457482992761779,0.03456565325507022,0.03456565325507022,0.1719492873484633,,0.1719492873484633,-0.02220656710173438,-0.02220656710173438
2016,2016 - 2017,1. Madhya Pradesh,Sehore,sehore,3.39,3.64,250000.0,847000.0,10.964977073072632,0.4469147385498127,0.6753025552833539,0.2677516334546734,0.4503402414858785,0.2250643247622492,True,3.64,,,3.64,3.64,,,18.91643183407213,,18.91643183407213,-7.9514547609995,-7.9514547609995,0.4129076351658904,,0.4129076351658904,0.034007103383922266,0.034007103383922266,0.6361880943332103,,0.6361880943332103,0.03911446095014359,0.03911446095014359,0.2400841100229419,,0.2400841100229419,0.02766752343173151,0.02766752343173151,0.4037622307502536,,0.4037622307502536,0.0465780107356249,0.0465780107356249,0.2312897046370597,,0.2312897046370597,-0.006225379874810505,-0.006225379874810505
2016,2016 - 2017,1. Madhya Pradesh,Seoni,seoni,2.95,2.41,151000.0,445000.0,44.18455374575478,0.4083809825055662,0.5765830150884341,0.2291164240382888,0.339269750191228,0.2335099358870669,True,2.41,,,2.41,2.41,,,83.1923835287472,,83.1923835287472,-39.00782978299242,-39.00782978299242,0.4030441177575878,,0.4030441177575878,0.005336864747978398,0.005336864747978398,0.5879959934726533,,0.5879959934726533,-0.011412978384219175,-0.011412978384219175,0.2115455342187838,,0.2115455342187838,0.017570889819504998,0.017570889819504998,0.3305772691805265,,0.3305772691805265,0.008692481010701525,0.008692481010701525,0.2592812462039406,,0.2592812462039406,-0.025771310316873713,-0.025771310316873713
2016,2016 - 2017,1. Madhya Pradesh,Shahdol,shahdol,1.7,2.23,53000.0,90000.0,36.35957883199326,0.4008448007266423,0.5264466926127825,0.2224243695855079,0.2994936709392054,0.1945724001720284,True,2.23,,,2.23,2.23,,,75.38568058470392,,75.38568058470392,-39.02610175271066,-39.02610175271066,0.3946755474706345,,0.3946755474706345,0.006169253256007812,0.006169253256007812,0.5356619553476117,,0.5356619553476117,-0.0092152627348292,-0.0092152627348292,0.2135132491267434,,0.2135132491267434,0.008911120458764493,0.008911120458764493,0.2978722929552778,,0.2978722929552778,0.001621377983927641,0.001621377983927641,0.2264070122601278,,0.2264070122601278,-0.0318346120880994,-0.0318346120880994
2016,2016 - 2017,1. Madhya Pradesh,Shajapur,shajapur,3.35,3.02,136000.0,455000.0,8.653477612280716,0.4476429215725318,0.69284541576221,0.2665776625562488,0.4523351286150746,0.2428130746558826,True,3.02,,,3.02,3.02,,,14.13556326154369,,14.13556326154369,-5.482085649262974,-5.482085649262974,0.415174960562318,,0.415174960562318,0.03246796101021382,0.03246796101021382,0.6421625797489715,,0.6421625797489715,0.05068283601323853,0.05068283601323853,0.2326782379807908,,0.2326782379807908,0.033899424575458026,0.033899424575458026,0.3856724994026779,,0.3856724994026779,0.06666262921239668,0.06666262921239668,0.2533071960850572,,0.2533071960850572,-0.010494121429174608,-0.010494121429174608
2016,2016 - 2017,1. Madhya Pradesh,Sheopur,sheopur,4.11,4.32,85000.0,349000.0,7.831887611307578,0.3788159526984084,0.5370269517356331,0.2225302016621571,0.3383146231288094,0.1680518856480759,True,4.32,,,4.32,4.32,,,10.414903406535828,,10.414903406535828,-2.58301579522825,-2.58301579522825,0.3411633574326154,,0.3411633574326154,0.03765259526579301,0.03765259526579301,0.4973355261566747,,0.4973355261566747,0.039691425578958384,0.039691425578958384,0.1968148117997862,,0.1968148117997862,0.025715389862370902,0.025715389862370902,0.3042059628721532,,0.3042059628721532,0.03410866025665621,0.03410866025665621,0.164654690595712,,0.164654690595712,0.0033971950523639105,0.0033971950523639105
2016,2016 - 2017,1. Madhya Pradesh,Shivpuri,shivpuri,3.11,2.71,170000.0,528000.0,8.602056856406078,0.3845392372551831,0.5447968819893749,0.2295040174586382,0.3475982044424106,0.1734950149661139,True,2.71,,,2.71,2.71,,,13.79091486980618,,13.79091486980618,-5.188858013400102,-5.188858013400102,0.3380215600225815,,0.3380215600225815,0.046517677232601584,0.046517677232601584,0.4973907155190273,,0.4973907155190273,0.04740616647034762,0.04740616647034762,0.197077396458435,,0.197077396458435,0.03242662100020319,0.03242662100020319,0.3010908609490062,,0.3010908609490062,0.04650734349340435,0.04650734349340435,0.1815846314352718,,0.1815846314352718,-0.008089616469157901,-0.008089616469157901
2016,2016 - 2017,1. Madhya Pradesh,Sidhi,sidhi,2.87,2.09,70000.0,201000.0,29.41906118748782,0.4544791269332689,0.5871218141118397,0.2529904563566674,0.3423695266029228,0.2034517545911582,True,2.09,,,2.09,2.09,,,66.52361192431923,,66.52361192431923,-37.104550736831406,-37.104550736831406,0.4617786081717905,,0.4617786081717905,-0.007299481238521588,-0.007299481238521588,0.6037563348126865,,0.6037563348126865,-0.01663452070084681,-0.01663452070084681,0.2552537693253062,,0.2552537693253062,-0.0022633129686387976,-0.0022633129686387976,0.3540578022410205,,0.3540578022410205,-0.011688275638097712,-0.011688275638097712,0.2451247162593821,,0.2451247162593821,-0.0416729616682239,-0.0416729616682239
2016,2016 - 2017,1. Madhya Pradesh,Singrauli,singrauli,2.63,2.17,48000.0,126000.0,43.87316531569715,0.3972246690668072,0.518689231848804,0.2192940338830852,0.2974755853683182,0.1518704224334235,True,2.17,,,2.17,2.17,,,75.38083087394534,,75.38083087394534,-31.507665558248192,-31.507665558248192,0.3825194154711653,,0.3825194154711653,0.014705253595641898,0.014705253595641898,0.5146590373560843,,0.5146590373560843,0.004030194492719685,0.004030194492719685,0.2125508798924307,,0.2125508798924307,0.006743153990654477,0.006743153990654477,0.3017741555726115,,0.3017741555726115,-0.004298570204293306,-0.004298570204293306,0.1819869823926411,,0.1819869823926411,-0.03011655995921761,-0.03011655995921761
2016,2016 - 2017,1. Madhya Pradesh,Tikamgarh,tikamgarh,2.81,1.91,150000.0,421000.0,13.4846577638435,0.434550630010531,0.6237040072464353,0.2772405380455451,0.433828321226544,0.1402666172481968,True,1.91,,,1.91,1.91,,,28.893691986642,,28.893691986642,-15.4090342227985,-15.4090342227985,0.3328442065778608,,0.3328442065778608,0.10170642343267022,0.10170642343267022,0.4772887795493187,,0.4772887795493187,0.14641522769711657,0.14641522769711657,0.2045386738342866,,0.2045386738342866,0.07270186421125852,0.07270186421125852,0.3135303334153522,,0.3135303334153522,0.12029798781119183,0.12029798781119183,0.1560033718779244,,0.1560033718779244,-0.015736754629727595,-0.015736754629727595
2016,2016 - 2017,1. Madhya Pradesh,Ujjain,ujjain,3.8,3.5,271000.0,1029000.0,5.578563202141811,0.4839488007136416,0.7379846667628198,0.3037267806686045,0.5032592575540986,0.2446874822942734,True,3.5,,,3.5,3.5,,,8.01674880954517,,8.01674880954517,-2.4381856074033594,-2.4381856074033594,0.4257709569202276,,0.4257709569202276,0.05817784379341401,0.05817784379341401,0.6515207159655462,,0.6515207159655462,0.08646395079727365,0.08646395079727365,0.2489181586113955,,0.2489181586113955,0.05480862205720899,0.05480862205720899,0.406134577549626,,0.406134577549626,0.09712468000447261,0.09712468000447261,0.2524549867571234,,0.2524549867571234,-0.007767504462850017,-0.007767504462850017
2016,2016 - 2017,1. Madhya Pradesh,Umaria,umaria,2.31,1.67,26000.0,60000.0,30.819988993590822,0.4525178835633059,0.5971426958754704,0.2480099807391919,0.3493323474526708,0.2334772164030061,True,1.67,,,1.67,1.67,,,67.22733376252638,,67.22733376252638,-36.40734476893556,-36.40734476893556,0.4494353171429237,,0.4494353171429237,0.003082566420382238,0.003082566420382238,0.6112092972130955,,0.6112092972130955,-0.014066601337625051,-0.014066601337625051,0.2454134614075231,,0.2454134614075231,0.002596519331668795,0.002596519331668795,0.3482734322486156,,0.3482734322486156,0.0010589152040551553,0.0010589152040551553,0.266360881311429,,0.266360881311429,-0.0328836649084229,-0.0328836649084229
2016,2016 - 2017,1. Madhya Pradesh,Vidisha,vidisha,2.96,2.39,281000.0,832000.0,9.625442889681958,0.465943511551144,0.6998177584348771,0.2894384877942282,0.4953042291597897,0.2247231186284894,True,2.39,,,2.39,2.39,,,18.997807113224543,,18.997807113224543,-9.372364223542585,-9.372364223542585,0.4234882388454692,,0.4234882388454692,0.042455272705674785,0.042455272705674785,0.6815633225643222,,0.6815633225643222,0.018254435870554975,0.018254435870554975,0.2506246874360889,,0.2506246874360889,0.038813800358139305,0.038813800358139305,0.4491277813598474,,0.4491277813598474,0.046176447799942344,0.046176447799942344,0.2384090554656414,,0.2384090554656414,-0.013685936837151996,-0.013685936837151996
2017,2017 - 2018,1. Madhya Pradesh,Agar malwa,agarmalwa,4.0,3.62,46000.0,184000.0,11.338746529466338,0.3996274247147278,0.5856533657347314,0.2281269277656478,0.361404434945369,0.2568437793525184,True,3.62,3.8,,3.71,3.71,0.12727922061357835,-0.17999999999999972,6.367711306017183,6.523813197654501,6.445762251835842,4.892984277630496,4.971035223449155,0.403557314824494,0.3631039515403818,0.3833306331824379,0.01629679153228991,-0.003929890109766188,0.5918839024228136,0.5350433504697416,0.5634636264462776,0.022189739288453803,-0.006230536688082267,0.2342970408796068,0.1984476862769697,0.21637236357828826,0.01175456418735954,-0.006170113113958986,0.3690917778145607,0.3104243495117688,0.33975806366316474,0.021646371282204258,-0.0076873428691917045,0.2476939252598512,0.2564190193081985,0.25205647228402484,0.004787307068493563,0.009149854092667192
2017,2017 - 2018,1. Madhya Pradesh,Alirajpur,alirajpur,2.36,2.73,26000.0,61280.0,9.055961073457908,0.3728465426296383,0.5042379796881017,0.2137506482425459,0.2894463627090541,0.194653828175482,True,2.73,3.95,,3.34,3.34,0.8626702730475881,-1.2200000000000002,1.0326288454451795,2.8628938215469195,1.9477613334960495,7.108199739961859,8.023332228012729,0.3749079266469255,0.3513809063783759,0.3631444165126507,0.009702126116987564,-0.0020613840172872266,0.5031047246463063,0.4804345237224175,0.4917696241843619,0.012468355503739814,0.0011332550417954002,0.2166423890392767,0.1998184274900404,0.20823040826465855,0.005520239977887337,-0.002891740796730824,0.2902979335261758,0.277494318294529,0.2838961259103524,0.005550236798701702,-0.0008515708171216718,0.1910931218859041,0.1876270014970637,0.1893600616914839,0.005293766483998097,0.0035607062895778863
2017,2017 - 2018,1. Madhya Pradesh,Anuppur,anuppur,3.64,1.96,16680.0,60780.0,68.03247717806829,0.3742507869319956,0.5393707097923152,0.2163787620257421,0.3276771868394498,0.1521793067353161,True,1.96,1.77,,1.865,1.865,0.134350288425444,0.18999999999999995,44.93107214356198,80.08883576337192,62.50995395346695,5.522523224601343,23.101405034506314,0.3777087617063488,0.3498456079824766,0.3637771848444127,0.010473602087582912,-0.003457974774353223,0.4981848956659686,0.4894739056550334,0.49382940066050096,0.0455413091318142,0.04118581412634659,0.2149448424614925,0.1962834562667565,0.2056141493641245,0.0107646126616176,0.0014339195642495972,0.2875753137068307,0.280506636432498,0.28404097506966436,0.04363621176978544,0.04010187313261909,0.1524283283451603,0.1710650203899627,0.16174667436756152,-0.009567367632245416,-0.0002490216098441911
2017,2017 - 2018,1. Madhya Pradesh,Ashoknagar,ashoknagar,3.27,2.47,143410.0,469240.0,20.94758380586286,0.4152896759630098,0.6260565724990729,0.2508327035587317,0.4067978293863585,0.2312001259865252,True,2.47,2.58,,2.5250000000000004,2.5250000000000004,0.07778174593052013,-0.10999999999999988,8.566634815538016,15.5280358061672,12.047335310852608,8.900248495010251,12.380948990324843,0.423289268876094,0.3768397964601321,0.40006453266811304,0.01522514329489677,-0.00799959291308422,0.6280130771183973,0.5934903258157052,0.6107517014670512,0.015304871032021716,-0.001956504619324395,0.2529619121149588,0.215850480468929,0.23440619629194387,0.01642650726678785,-0.002129208556227058,0.4163502757521869,0.3645524992097537,0.3904513874809703,0.016346441905388198,-0.009552446365828415,0.2301956521521083,0.2419809800664557,0.236088316109282,-0.004888190122756791,0.0010044738344169024
2017,2017 - 2018,1. Madhya Pradesh,Balaghat,balaghat,2.49,1.83,55560.0,138120.0,77.1409505104334,0.4942776141645686,0.6591048595551054,0.2661393691252289,0.3794974241042332,0.2264462272079454,True,1.83,1.35,,1.59,1.59,0.33941125496954283,0.48,44.52255565338434,82.51973430126657,63.52114497732545,13.61980553310795,32.61839485704906,0.4897915172071257,0.4993124308968,0.49455197405196283,-0.00027435988739421546,0.004486096957442898,0.6309559336093811,0.6605959265748752,0.6457759300921282,0.013328929462977257,0.02814892594572438,0.265971175107725,0.2646684375564604,0.26531980633209273,0.0008195627931361638,0.00016819401750389762,0.3537484425265914,0.3722658009865339,0.36300712175656263,0.01649030234767057,0.025748981577641827,0.2134213525702883,0.2341535980538245,0.2237874753120564,0.0026587518958890166,0.013024874637657113
2017,2017 - 2018,1. Madhya Pradesh,Barwani,barwani,3.55,3.58,48000.0,170400.0,13.396542662116556,0.3473092224720007,0.4897643874256399,0.1938249471874482,0.2847545030880509,0.1731398580718984,True,3.58,3.28,,3.4299999999999997,3.4299999999999997,0.21213203435596445,0.30000000000000027,4.283639390771659,9.969619619445632,7.126629505108646,6.26991315700791,9.112903271344898,0.3287445281249916,0.3246133885293171,0.3266789583271543,0.020630264144846366,0.01856469434700908,0.4521735969934188,0.4529486480376614,0.4525611225155401,0.03720326491009979,0.03759079043222108,0.1859711517825903,0.177720082305127,0.18184561704385865,0.01197933014358954,0.007853795404857894,0.2584320687337886,0.2587364924735222,0.2585842806036554,0.02617022248439549,0.026322434354262292,0.1727646457290861,0.1747047457595591,0.1737346957443226,-0.0005948376724241866,0.00037521234281231997
2017,2017 - 2018,1. Madhya Pradesh,Betul,betul,2.66,2.65,104400.0,277910.0,61.11861701668956,0.4139421264265128,0.6205690622890474,0.2244268182568048,0.3508930126521395,0.1684335828516222,True,2.65,2.47,,2.56,2.56,0.12727922061357835,0.17999999999999972,32.72703678083632,57.94991121737747,45.338473999106895,15.780143017582667,28.39158023585324,0.4072292313749662,0.3933634994710692,0.4002963654230177,0.013645761003495072,0.006712895051546597,0.5719864778177911,0.5692918006253309,0.5706391392215611,0.04992992306748634,0.048582584471256296,0.2241758250432559,0.2096809027125358,0.21692836387789585,0.0074984543789089475,0.0002509932135489057,0.3250029437030946,0.3103679497475816,0.3176854467253381,0.03320756592680141,0.025890068949044887,0.1593314510219775,0.1668088832452329,0.1630701671336052,0.0053634157180169895,0.0091021318296447
2017,2017 - 2018,1. Madhya Pradesh,Bhind,bhind,4.22,4.01,110400.0,466110.0,23.47507351659505,0.4388505664684652,0.6393209013724963,0.2900690443334122,0.4539207607255737,0.1426957500054491,True,4.01,3.81,,3.91,3.91,0.1414213562373093,0.19999999999999973,22.033062082717777,28.117800553586488,25.075431318152134,-1.6003578015570845,1.4420114338772727,0.4655844074820151,0.38126433819668,0.42342437283934753,0.01542619362911768,-0.026733841013549864,0.6563493158253905,0.5906303954210621,0.6234898556232262,0.01583104574927008,-0.01702841445289416,0.3117457301992657,0.2479929697581402,0.27986934997870294,0.010199694354709243,-0.02167668586585353,0.4763365609823015,0.4289139076940771,0.4526252343381893,0.0012955263873843936,-0.02241580025672779,0.1492217984887126,0.1495028819261712,0.14936234020744188,-0.006666590201992784,-0.006526048483263491
2017,2017 - 2018,1. Madhya Pradesh,Bhopal,bhopal,2.92,3.46,81000.0,236520.0,21.05411138980009,0.4416599237187947,0.6601109709260523,0.2657039612821139,0.4368955315217438,0.2138754023962385,True,3.46,3.0,,3.23,3.23,0.3252691193458118,0.45999999999999996,7.426307280809711,15.289044257760914,11.357675769285311,9.69643562051478,13.62780410899038,0.4405514088013718,0.40199221106798,0.4212718099346759,0.02038811378411881,0.0011085149174229203,0.6503962397657796,0.621261546133858,0.6358288929498188,0.024282077976233496,0.00971473116027266,0.2624372932778493,0.2321812098096642,0.24730925154375677,0.018394709738357107,0.0032666680042645613,0.4302726880947457,0.3914199503042018,0.4108463191994738,0.026049212322270032,0.006622843426998093,0.2065166619130284,0.2161885670545048,0.21135261448376658,0.00252278791247193,0.007358740483210113
2017,2017 - 2018,1. Madhya Pradesh,Burhanpur,burhanpur,3.5,3.0,21000.0,73500.0,31.762933720877065,0.4001963324509633,0.5891386153709801,0.2287568362623373,0.3447151295630596,0.1768031253776486,True,3.0,3.5,,3.25,3.25,0.3535533905932738,-0.5,10.260420619248093,28.16585572296268,19.213138171105385,12.54979554977168,21.50251310162897,0.3887267627420887,0.3684351652346201,0.3785809639883544,0.02161536846260892,0.011469569708874583,0.5468487048523581,0.5190867879315755,0.5329677463919669,0.056170868979013244,0.042289910518621965,0.2141930356197123,0.2069585757084118,0.21057580566406206,0.01818103059827525,0.014563800642624997,0.3098368756857126,0.2945413565442877,0.30218911611500016,0.04252601344805945,0.034878253877347,0.1757085239576768,0.1731421987232425,0.17442536134045966,0.002377764037188951,0.001094601419971808
2017,2017 - 2018,1. Madhya Pradesh,Chhatarpur,chhatarpur,2.42,2.85,175310.0,424070.0,35.81302219238249,0.3671271890930613,0.5093192593936522,0.2208881191620247,0.3206021733125761,0.1743076414159814,True,2.85,1.83,,2.34,2.34,0.7212489168102785,1.02,15.09000044274578,37.46280172879767,26.276401085771724,9.536621106610767,20.72302174963671,0.4301801008430524,0.3416822110327741,0.3859311559379133,-0.01880396684485197,-0.06305291174999111,0.6111206049761836,0.4855846597692884,0.548352632372736,-0.039033372979083825,-0.1018013455825314,0.2593548752571568,0.2001894235341788,0.22977214939566779,-0.008884030233643092,-0.03846675609513209,0.4014121970227342,0.2988957370834851,0.35015396705310964,-0.029551793740533516,-0.08081002371015805,0.1744950825182347,0.1955447719746077,0.1850199272464212,-0.010712285830439788,-0.00018744110225329957
2017,2017 - 2018,1. Madhya Pradesh,Chhindwara,chhindwara,3.42,3.23,181000.0,619200.0,79.26825818587369,0.4221593357468436,0.6162321947891861,0.2283130064373573,0.3530297575739022,0.2155235312082635,True,3.23,3.85,,3.54,3.54,0.4384062043356595,-0.6200000000000001,44.39159859231391,77.30705731859823,60.84932795545607,18.418930230417622,34.87665959355978,0.4083568768765385,0.4058678643482539,0.4071123706123962,0.015046965134447421,0.013802458870305123,0.5658606789982628,0.5906350918132195,0.5782478854057411,0.03798430938344499,0.05037151579092336,0.2284604253819466,0.2167873539285208,0.22262388965523372,0.005689116782123582,-0.00014741894458930593,0.3340197055729519,0.3196925689403042,0.32685613725662804,0.02617362031727416,0.019010052000950295,0.2069394016997514,0.22974938818086,0.2183443949403057,-0.0028208637320421837,0.008584129508512117
2017,2017 - 2018,1. Madhya Pradesh,Damoh,damoh,3.5,3.51,81600.0,285600.0,50.077209417871536,0.4034594132015718,0.6022743221846467,0.2400887700305131,0.3856272183657736,0.2297332797381458,True,3.51,2.01,,2.76,2.76,1.0606601717798212,1.5,25.717698052647,45.66669896567821,35.6921985091626,14.385010908708935,24.359511365224538,0.4148311505164068,0.382160920070439,0.3984960352934229,0.0049633779081488805,-0.011371737314834984,0.5900168733640221,0.575327880922412,0.5826723771432171,0.019601945041429647,0.012257448820624628,0.2444657217912021,0.2213500398764311,0.23290788083381658,0.007180889196696516,-0.004376951760689002,0.3831391560895774,0.3544873199747893,0.36881323803218335,0.016813980333590273,0.0024880622761962456,0.2294512787260849,0.2458017892138317,0.2376265339699583,-0.007893254231812502,0.00028200101206091177
2017,2017 - 2018,1. Madhya Pradesh,Datia,datia,3.3,3.38,120800.0,399000.0,21.736976395992777,0.4419836458316998,0.6703054509722601,0.2785945587610988,0.4817696355739224,0.1309993881963002,True,3.38,2.97,,3.175,3.175,0.2899137802864843,0.4099999999999997,16.68857080359088,23.54722775731708,20.117899280453983,1.6190771155387935,5.048405592401895,0.4690156256326545,0.3997753775510138,0.43439550159183415,0.007588144239865646,-0.027031979800954675,0.6872324822682646,0.6573500790109587,0.6722912806396116,-0.001985829667351502,-0.01692703129600448,0.3053442947941149,0.2463145701495951,0.275829432471855,0.002765126289243802,-0.026749736033016114,0.4969036329361585,0.4637577213482917,0.4803306771422251,0.0014389584316972792,-0.01513399736223614,0.133274095024389,0.1402122370728365,0.13674316604861275,-0.005743777852312559,-0.002274706828088807
2017,2017 - 2018,1. Madhya Pradesh,Dewas,dewas,4.1,3.69,170960.0,700940.0,16.820521688486796,0.4221097744837441,0.6503061733748767,0.2452367990601803,0.4104972409489099,0.2083964508560607,True,3.69,4.1,,3.8949999999999996,3.8949999999999996,0.2899137802864843,-0.4099999999999997,6.540280384698122,11.470120112079671,9.005200248388897,7.8153214400978985,10.280241303788674,0.4348420462744092,0.4170077511921486,0.4259248987332789,-0.003815124249534785,-0.012732271790665106,0.6671957221917632,0.6381136816653199,0.6526547019285416,-0.0023485285536648526,-0.016889548816886424,0.2557967404226743,0.2355083847212974,0.24565256257198587,-0.0004157635118055558,-0.010559941362493996,0.4255886545772474,0.3864450380406437,0.4060168463089455,0.004480394639964358,-0.015091413628337547,0.2073077745061682,0.2103295662567919,0.20881867038148005,-0.0004222195254193484,0.0010886763498925145
2017,2017 - 2018,1. Madhya Pradesh,Dhar,dhar,3.48,3.34,198870.0,692660.0,6.935389537695894,0.3943265115205389,0.585146659487953,0.2337469542229923,0.3753587275725664,0.2062497799115015,True,3.34,3.0,,3.17,3.17,0.24041630560342606,0.33999999999999986,0.8708629410061326,3.402192527541337,2.1365277342737348,4.7988618034221595,6.0645265966897615,0.4048063351341691,0.3766046990994277,0.39070551711679835,0.0036209944037405295,-0.010479823613630201,0.6001864255267323,0.5576316211863956,0.5789090233565639,0.006237636131389057,-0.015039766038779323,0.2407963648159888,0.2163019230074763,0.22854914391173253,0.005197810311259765,-0.007049410592996491,0.3807065245003532,0.3385715359814574,0.35963903024090527,0.01571969733166112,-0.005347796927786808,0.2035406271335246,0.2041968722488076,0.20386874969116608,0.0023810302203354228,0.0027091527779768976
2017,2017 - 2018,1. Madhya Pradesh,Dindori,dindori,2.43,2.2,44000.0,106700.0,79.71954363725254,0.4345420315755108,0.5861649462309857,0.2242437183484538,0.3184612714248321,0.1684170298156703,True,2.2,1.47,,1.835,1.835,0.5161879502661798,0.7300000000000002,42.74372677612184,83.15206839610732,62.94789758611458,16.771646051137964,36.9758168611307,0.4422179228722848,0.4434785412642575,0.4428482320682712,-0.008306200492760374,-0.0076758912967739845,0.5803435282113919,0.5989391142363407,0.5896413212238663,-0.00347637499288056,0.005821418019593794,0.2282623880846651,0.2172541609965039,0.2227582745405845,0.0014854438078693022,-0.004018669736211289,0.3133037890617587,0.3146364230899992,0.31397010607587894,0.004491165348953163,0.005157482363073396,0.1631100147287573,0.1918055180567355,0.1774577663927464,-0.009040736577076103,0.005307015086913003
2017,2017 - 2018,1. Madhya Pradesh,Guna,guna,3.71,3.83,112400.0,416780.0,17.014325332580395,0.3980171792892173,0.5817714916464389,0.2367322753418127,0.3772534329074472,0.2048575248309046,True,3.83,3.74,,3.785,3.785,0.06363961030678918,0.08999999999999986,7.47300398334465,11.48762564686493,9.48031481510479,7.534010517475604,9.541321349235744,0.4037447445996238,0.3765651441619115,0.39015494438076764,0.007862234908449672,-0.005727565310406468,0.5998142430392626,0.5768437740707855,0.588329008555024,-0.0065575169085850815,-0.01804275139282363,0.2336263086389819,0.2138058992846384,0.22371610396181013,0.013016171380002578,0.003105966702830809,0.3762126964326965,0.3513301601744327,0.36377142830356457,0.013482004603882602,0.0010407364747506698,0.20441645238452,0.2124669095510848,0.2084416809678024,-0.0035841561368978037,0.0004410724463846105
2017,2017 - 2018,1. Madhya Pradesh,Gwalior,gwalior,3.8,4.01,65000.0,247260.0,16.7600088682794,0.3639987301279273,0.5226533924958584,0.2280995797197041,0.3533622993559633,0.1354377190938926,True,4.01,3.79,,3.9,3.9,0.15556349186104027,0.21999999999999975,16.401689627772797,20.0486181005384,18.225153864155597,-1.465144995876198,0.3583192405066029,0.3898198265708675,0.3529981022871461,0.37140896442900684,-0.007410234301079566,-0.025821096442940228,0.5527423613925362,0.5351831324562815,0.5439627469244088,-0.02130935442855042,-0.03008896889667778,0.2408682487806537,0.2120253752891898,0.22644681203492173,0.0016527676847823691,-0.012768669060949589,0.3742692574035176,0.3532186512675828,0.3637439543355502,-0.010381654979586874,-0.02090695804755427,0.1379286651467047,0.1433188891789556,0.14062377716283014,-0.0051860580689375435,-0.0024909460528121097
2017,2017 - 2018,1. Madhya Pradesh,Harda,harda,3.98,4.3,118000.0,469880.0,28.150555694591542,0.4829415056493347,0.7548503750953074,0.3004961474869355,0.5293369154276577,0.228423272709102,True,4.3,3.84,,4.07,4.07,0.3252691193458118,0.45999999999999996,14.961483523753106,31.19448689452336,23.077985209138234,5.0725704854533085,13.189072170838436,0.4979292795464302,0.4707887404407306,0.4843590099935804,-0.0014175043442457014,-0.014987773897095491,0.7519060764894675,0.7233977844715699,0.7376519304805187,0.0171984446147887,0.00294429860583989,0.3040772192236667,0.2841293388623406,0.29410327904300365,0.006392868443931832,-0.003581071736731223,0.5266097134015704,0.5060728284938366,0.5163412709477035,0.01299564447995416,0.0027272020260873386,0.2255943271956406,0.2287325237389463,0.22716342546729346,0.0012598472418085538,0.0028289455134614117
2017,2017 - 2018,1. Madhya Pradesh,Hoshangabad,hoshangabad,4.31,4.5,231500.0,997300.0,47.75102402306582,0.4985451763702356,0.74669100816209,0.2933153042897209,0.5061650933980776,0.2312104813570027,True,4.5,4.25,,4.375,4.375,0.1767766952966369,0.25,27.99479621847375,46.758372954773385,37.376584586623565,10.374439436442252,19.75622780459207,0.5143681256425979,0.4914977713531747,0.5029329484978863,-0.00438777212765068,-0.01582294927236233,0.7371362395019458,0.7517001217475557,0.7444181806247507,0.0022728275373392615,0.009554768660144153,0.3028104498652177,0.2905060101896399,0.2966582300274288,-0.0033429257377078914,-0.0094951455754968,0.4901991303302716,0.5076363605232975,0.4989177454267846,0.0072473479712930056,0.015965963067805955,0.2227336823464562,0.2319685513552239,0.22735111685084006,0.0038593645061626436,0.008476799010546487
2017,2017 - 2018,1. Madhya Pradesh,Indore,indore,4.21,4.31,110400.0,465120.0,10.873395102361853,0.4383892917588392,0.6712869596212554,0.2642999090877063,0.4454952356010345,0.2296088969651296,True,4.31,4.42,,4.365,4.365,0.07778174593052045,-0.11000000000000032,2.154498831192253,7.596111762399703,4.875305296795978,5.998089805565875,8.7188962711696,0.4445312319290661,0.4230992003921445,0.43381521616060525,0.004574075598233918,-0.0061419401702269005,0.6856989487484972,0.6570527583320517,0.6713758535402745,-8.889391901911736e-05,-0.014411989127241842,0.2726195778367798,0.2480033344157081,0.26031145612624396,0.00398845296146233,-0.008319668749073528,0.4600983664141264,0.4117738989269127,0.43593613267051956,0.009559102930514929,-0.014603130813091891,0.2263630720926856,0.2322960187449599,0.22932954541882275,0.0002793515463068441,0.0032458248724439864
2017,2017 - 2018,1. Madhya Pradesh,Jabalpur,jabalpur,3.78,3.73,171560.0,647640.0,52.79028709369339,0.4378248046645618,0.6311895193229676,0.249327772021549,0.400907832633218,0.2486128698337357,True,3.73,3.53,,3.63,3.63,0.14142135623730964,0.20000000000000018,27.482719406008385,61.06975285085397,44.27623612843118,8.514050965262207,25.307567687685,0.4609047313556099,0.4495337375280111,0.4552192344418105,-0.0173944297772487,-0.02307992669104808,0.6395441615523245,0.6510160605092045,0.6452801110307644,-0.014090591707796807,-0.00835464222935689,0.2604665285066375,0.2498926134213927,0.2551795709640151,-0.005851798942466124,-0.011138756485088497,0.3933898545333943,0.3978093028889115,0.3955995787111529,0.005308253922065076,0.007517978099823686,0.2466451456624347,0.2701975328292012,0.25842133924581795,-0.009808469412082244,0.001967724171301005
2017,2017 - 2018,1. Madhya Pradesh,Jhabua,jhabua,2.97,3.19,59000.0,174990.0,6.035802433132187,0.3536848303772453,0.494510522971649,0.2019315608326944,0.2907871619588484,0.2278493959143131,True,3.19,2.63,,2.91,2.91,0.39597979746446665,0.56,0.3779941550284927,0.9865490364518256,0.6822715957401592,5.353530837392028,5.657808278103695,0.3564516683755319,0.3067067595554452,0.3315792139654885,0.02210561641175679,-0.0027668379982865865,0.4968638716466108,0.4341511513172995,0.4655075114819551,0.029003011489693864,-0.002353348674961786,0.1999204246674622,0.167635141830761,0.1837777832491116,0.018153777583582803,0.0020111361652321857,0.2834126290875484,0.2465115211481252,0.26496207511783676,0.025825086841011646,0.007374532871300021,0.220047436284059,0.2197245768529629,0.21988600656851096,0.007963389345802152,0.007801959630254096
2017,2017 - 2018,1. Madhya Pradesh,Katni,katni,3.02,3.19,129140.0,389490.0,50.75135125939483,0.422407843627943,0.603906170863114,0.2466962624539349,0.3764141078248618,0.2367533607050943,True,3.19,2.28,,2.735,2.735,0.6434671708797584,0.9100000000000001,27.926024164808734,55.41264840865423,41.66933628673148,9.082014972663352,22.825327094586097,0.437563810816661,0.4240563373526822,0.43081007408467165,-0.008402230456728665,-0.015155967188718034,0.6240875848264787,0.6066373667825397,0.6153624758045092,-0.011456304941395157,-0.020181413963364703,0.2516017189750048,0.2399961361672281,0.24579892757111643,0.0008973348828184569,-0.004905456521069884,0.3877749567485892,0.3704263123992124,0.3791006345739008,-0.00268652674903902,-0.011360848923727407,0.2381113720935713,0.2621403795777817,0.25012587583567647,-0.013372515130582158,-0.0013580113884769929
2017,2017 - 2018,1. Madhya Pradesh,Khandwa,khandwa,3.75,3.96,142500.0,534230.0,23.37847696192264,0.3581206803367873,0.5519104819308103,0.1977381627435632,0.3197938278603142,0.2199541631529144,True,3.96,2.29,,3.125,3.125,1.1808683245815343,1.67,9.35936836178001,23.0023181525814,16.180843257180705,7.197633704741936,14.01910860014263,0.3473956904120823,0.3278300843809142,0.33761288739649825,0.020507792940289038,0.010724989924704997,0.5324375262635602,0.5017686176833982,0.5171030719734793,0.034807409957331004,0.019472955667250047,0.1875149665556559,0.1739409237601781,0.180727945157917,0.017010217585646192,0.010223196187907319,0.3040143187476029,0.2753279718029656,0.28967114527528426,0.030122682585029925,0.01577950911271131,0.2195149727372441,0.2194911967390365,0.21950308473814029,0.00045107841477412536,0.0004391904156703097
2017,2017 - 2018,1. Madhya Pradesh,Khargone,khargone,3.8,4.14,137600.0,523430.0,15.332754224335964,0.385305822110412,0.572501756569851,0.2178190792677597,0.3502588313218289,0.2222314403212117,True,4.14,3.36,,3.75,3.75,0.5515432893255069,0.7799999999999998,3.577818189492303,10.913298609702904,7.245558399597604,8.08719582473836,11.754936034843661,0.3664613071217921,0.3648120305575121,0.36563666883965207,0.01966915327075991,0.018844514988619887,0.5349752622048781,0.5274418271513306,0.5312085446781043,0.04129321189174673,0.03752649436497291,0.2091735698554311,0.2019653783326029,0.205569474094017,0.012249605173742711,0.008645509412328611,0.3203875056082459,0.3078699469091593,0.3141287262587026,0.036130105063126305,0.029871325713582975,0.2220387494514871,0.2247856383867584,0.22341219391912276,-0.0011807535979110606,0.00019269086972459326
2017,2017 - 2018,1. Madhya Pradesh,Mandla,mandla,2.64,3.31,46000.0,121300.0,81.24724261069159,0.4115531791562146,0.5706274667221496,0.21383447227283,0.3140683185021863,0.241822126413113,True,3.31,2.38,,2.8449999999999998,2.8449999999999998,0.6576093065034893,0.9300000000000002,46.01321311118252,84.80196589900507,65.4075895050938,15.83965310559779,35.23402949950906,0.4228158680998234,0.4308049912365068,0.42681042966816507,-0.015257250511950482,-0.011262688943608823,0.5828667327114929,0.6001748236456108,0.5915207781785519,-0.020893311456402275,-0.012239265989343329,0.2197207727994988,0.2130676360597209,0.21639420442960985,-0.002559732156779848,-0.005886300526668803,0.3173292811186534,0.3202203280222022,0.3187748045704278,-0.004706486068241478,-0.003260962616467078,0.2376635433445982,0.2619672128064768,0.2498153780755375,-0.007993251662424511,0.004158583068514798
2017,2017 - 2018,1. Madhya Pradesh,Mandsaur,mandsaur,4.24,4.31,86300.0,366170.0,21.155984736721603,0.3931895598367372,0.5926052151394862,0.2295987414371753,0.3649501439470461,0.229229998908482,True,4.31,3.26,,3.7849999999999997,3.7849999999999997,0.7424621202458748,1.0499999999999998,11.364608754920422,11.641543632043028,11.503076193481725,9.652908543239878,9.791375981801181,0.4038867390559332,0.3346934498086247,0.36929009443227895,0.023899465404458253,-0.010697179219195996,0.60525081166839,0.4960577576042264,0.5506542846363082,0.041950930503178,-0.012645596528903846,0.2405696953834278,0.1866669364490372,0.21361831591623248,0.01598042552094281,-0.010970953946252499,0.3843729557973686,0.2912592428787897,0.3378160993380791,0.027134044608967012,-0.019422811850322463,0.2207533143377281,0.2251039546593881,0.2229286344985581,0.006301364409923904,0.0084766845707539
2017,2017 - 2018,1. Madhya Pradesh,Morena,morena,4.26,3.91,97000.0,413610.0,21.87064153953161,0.3904535072878268,0.5461108012004858,0.2585054175888885,0.3925352235967689,0.1366761386031123,True,3.91,4.24,,4.075,4.075,0.23334523779156074,-0.33000000000000007,18.328641305265844,21.77609686646678,20.05236908586631,1.8182724536653012,3.5420002342657675,0.4138034042708834,0.3694208493799517,0.3916121268254176,-0.001158619537590777,-0.023349896983056617,0.580241391198624,0.5401063439984555,0.5601738675985397,-0.01406306639805388,-0.03413058999813812,0.2678649446805544,0.2360283549673639,0.25194664982395915,0.006558767764929363,-0.009359527091665876,0.4107005868778259,0.375787471772072,0.39324402932494895,-0.0007088057281800508,-0.018165363281057,0.1448182989457002,0.1423177484865621,0.14356802371613114,-0.006891885113018831,-0.008142160342587884
2017,2017 - 2018,1. Madhya Pradesh,Narsinghpur,narsinghpur,3.49,4.04,92000.0,320710.0,60.85918496626402,0.4586253316275531,0.6318924608022516,0.2563353685765946,0.3842284298116746,0.2526425577621082,True,4.04,4.08,,4.0600000000000005,4.0600000000000005,0.028284271247461926,-0.040000000000000036,33.80678837286938,61.43888674666951,47.622837559769444,13.236347406494573,27.05239659339464,0.4770069764887857,0.4559626284765566,0.46648480248267116,-0.007859470855118067,-0.018381644861232616,0.6392909715534146,0.631718422207655,0.6355046968805348,-0.003612236078283204,-0.0073985107511630455,0.2643391203654575,0.2540906536999944,0.25921488703272594,-0.0028795184561313247,-0.008003751788862867,0.3868760801308616,0.3767493230814179,0.3818127016061398,0.0024157282055348173,-0.0026476503191870115,0.2476979315060156,0.2654894952168003,0.25659371336140796,-0.0039511555992997605,0.004944626256092599
2017,2017 - 2018,1. Madhya Pradesh,Neemuch,neemuch,3.91,3.28,39400.0,154210.0,14.597344749379907,0.3705276482029245,0.530148276787107,0.2189570151751653,0.3251717391750073,0.1654440530377871,True,3.28,4.03,,3.6550000000000002,3.6550000000000002,0.5303300858899109,-0.7500000000000004,8.859950780945077,7.176099052163243,8.018024916554161,6.579319832825746,5.73739396843483,0.3811125000484339,0.3272531227638796,0.3541828114061567,0.016344836796767792,-0.010584851845509391,0.5310605235474839,0.4522584303997777,0.49165947697363077,0.03848879981347619,-0.0009122467603769335,0.2264037513952377,0.1924502036774749,0.2094269775363563,0.009530037638808997,-0.007446736220072386,0.3292941051315045,0.2756739986347788,0.30248405188314165,0.022687687291865655,-0.004122365956497176,0.1623097811053453,0.1625968928030255,0.1624533369541854,0.0029907160836016855,0.0031342719324417845
2017,2017 - 2018,1. Madhya Pradesh,Panna,panna,2.71,3.06,77790.0,210500.0,46.58796376476445,0.3826487420022653,0.5501865029098139,0.2250269949706249,0.3439351571889116,0.1384717548017334,True,3.06,1.76,,2.41,2.41,0.9192388155425117,1.3,23.700851089680203,48.94016331018205,36.32050719993113,10.267456564833324,22.88711267508425,0.3999131082759643,0.3619950075154097,0.38095405789568704,0.001694684106578248,-0.01726436627369904,0.5678205592184796,0.5362199436590989,0.5520202514387893,-0.001833748528975443,-0.01763405630866577,0.2285348960765082,0.2029589109814439,0.21574690352897605,0.009280091441648847,-0.00350790110588331,0.3484626293935973,0.3159900169632412,0.33222632317841927,0.01170883401049233,-0.00452747220468569,0.1445105010287486,0.1621868399422738,0.1533486704855112,-0.014876915683777803,-0.006038746227015196
2017,2017 - 2018,1. Madhya Pradesh,Raisen,raisen,3.28,3.27,197600.0,647730.0,32.85210163304923,0.4331453279402955,0.6639844948645596,0.2519732923647984,0.4279835471648726,0.2051800151873611,True,3.27,3.16,,3.215,3.215,0.07778174593052013,0.10999999999999988,18.598020491113942,29.89574832257333,24.246884406843634,8.605217226205596,14.254081141935288,0.4495763189882803,0.417077521768371,0.43332692037832565,-0.00018159243803017588,-0.016430991047984844,0.6515003950842518,0.6355514190053011,0.6435259070447765,0.020458587819783047,0.012484099780307734,0.2634133543965724,0.2409864984216464,0.2521999264091094,-0.00022663404431100265,-0.011440062031774001,0.4209269469332513,0.4007415671196647,0.410834257026458,0.017149290138414597,0.007056600231621302,0.200683333926514,0.2081972976482935,0.20444031578740374,0.0007396993999573553,0.004496681260847096
2017,2017 - 2018,1. Madhya Pradesh,Rajgarh,rajgarh,3.49,3.55,152000.0,529720.0,14.199837033857891,0.3994427559380579,0.6003769489318772,0.2307050270720219,0.376859511910665,0.2418944354663726,True,3.55,2.54,,3.045,3.045,0.7141778489984129,1.0099999999999998,6.927463190462178,11.0495833305708,8.988523260516489,5.211313773341402,7.272373843395713,0.4093660445613299,0.3767743913500637,0.3930702179556968,0.006372537982361093,-0.00992328862327202,0.6186233919666543,0.5754441457182256,0.5970337688424399,0.0033431800894373476,-0.01824644303477707,0.2372301456991652,0.2042759706834025,0.22075305819128385,0.009951968880738044,-0.006525118627143306,0.3963340415743933,0.3356389574006652,0.36598649948752926,0.010873012423135764,-0.019474529663728257,0.2364224851594281,0.2470700965022278,0.24174629083082794,0.0001481446355446614,0.005471950306944501
2017,2017 - 2018,1. Madhya Pradesh,Ratlam,ratlam,3.58,3.39,110400.0,395230.0,8.921171638466166,0.4210312588104276,0.618926372498432,0.2498437591632591,0.3881179660680593,0.2571891093310261,True,3.39,3.4,,3.395,3.395,0.007071067811865324,-0.009999999999999787,3.765985200544897,3.9748788296604474,3.870432015102672,5.050739623363494,5.1551864379212695,0.4272888363548283,0.3702327214982422,0.3987607789265353,0.022270479883892302,-0.006257577544400705,0.6265641633528579,0.5426050534275587,0.5845846083902083,0.03434176410822365,-0.007637790854425952,0.2550501606781101,0.2090492866328064,0.23204972365545823,0.01779403550780087,-0.0052064015148509946,0.3941724276553465,0.3231019226006006,0.35863717512797355,0.029480790940085766,-0.006054461587287174,0.2461112776142615,0.2499749742004149,0.24804312590733818,0.009145983423687942,0.01107783171676463
2017,2017 - 2018,1. Madhya Pradesh,Rewa,rewa,2.88,2.87,173600.0,499970.0,41.59383125852734,0.3923989952051446,0.5446282410882957,0.2354973849260354,0.3493563414688266,0.1433441286041691,True,2.87,2.11,,2.49,2.49,0.5374011537017763,0.7600000000000002,22.1238401444642,48.13464164202281,35.129240893243505,6.464590365283833,19.469991114063138,0.4137814124478745,0.390256995588428,0.4020192040181513,-0.009620208813006681,-0.02138241724272988,0.5735982383864845,0.5383122581743212,0.5559552482804029,-0.011327007192107219,-0.028969997298188832,0.243995514525194,0.2255243217696436,0.2347599181474188,0.0007374667786165801,-0.008498129599158605,0.3752632554300983,0.325024920651772,0.35014408804093516,-0.0007877465721085608,-0.025906913961271705,0.1453620514007556,0.1708828653310808,0.1581224583659182,-0.014778329761749115,-0.0020179227965864965
2017,2017 - 2018,1. Madhya Pradesh,Sagar,sagar,3.21,2.76,278000.0,893210.0,39.49978085760924,0.4238520335503185,0.6387502587487268,0.2470677858244097,0.4016427464389573,0.2362024318794557,True,2.76,2.19,,2.4749999999999996,2.4749999999999996,0.40305086527633194,0.5699999999999998,18.72019329258437,35.71034109469312,27.215267193638745,12.284513663970493,20.77958756502487,0.4302393308114678,0.3919861175194,0.4111127241654339,0.0127393093848846,-0.006387297261149338,0.6151375165850327,0.5896114241883429,0.6023744703866878,0.03637578836203903,0.023612742163694134,0.2491735331706914,0.2221981916219542,0.2356858623963228,0.011381923428086888,-0.0021057473462817167,0.3999235700786609,0.3583700819090224,0.37914682599384164,0.02249592044511567,0.0017191763602963928,0.2296391304376547,0.2453305438853994,0.23748483716152705,-0.0012824052820713527,0.006563301441801006
2017,2017 - 2018,1. Madhya Pradesh,Satna,satna,3.43,3.61,156800.0,538450.0,47.45848340995929,0.3903941076376074,0.5524475406522732,0.23306000224457,0.3541769527977342,0.14509225592894,True,3.61,2.95,,3.2800000000000002,3.2800000000000002,0.46669047558312116,0.6599999999999997,24.22657237060215,52.45908804347551,38.34283020703883,9.115653202920463,23.231911039357144,0.41449354514956,0.3935783356601369,0.40403594040484847,-0.013641832767241069,-0.024099437511952593,0.5887338384909344,0.563783106894389,0.5762584726926617,-0.023810932040388533,-0.03628629783866122,0.244130129093829,0.2256116811419236,0.23487090511787628,-0.0018109028733062915,-0.01107012684925901,0.3803139525312481,0.3457482992761779,0.363031125903713,-0.008854173105978802,-0.02613699973351391,0.1497427202467289,0.1719492873484633,0.16084600379759612,-0.015753747868656104,-0.004650464317788899
2017,2017 - 2018,1. Madhya Pradesh,Sehore,sehore,3.53,3.39,197400.0,696430.0,23.21402364599519,0.4351217438529593,0.6731810006820655,0.2599605896764752,0.4402645161096011,0.2281214964575812,True,3.39,3.64,,3.515,3.515,0.1767766952966369,-0.25,10.964977073072632,18.91643183407213,14.940704453572382,8.273319192422809,12.249046572922559,0.4469147385498127,0.4129076351658904,0.42991118685785157,0.005210556995107751,-0.011792994696853354,0.6753025552833539,0.6361880943332103,0.6557453248082821,0.017435675873783474,-0.002121554601288378,0.2677516334546734,0.2400841100229419,0.25391787173880764,0.00604271793766753,-0.007791043778198226,0.4503402414858785,0.4037622307502536,0.42705123611806606,0.013213279991535043,-0.010075725376277378,0.2250643247622492,0.2312897046370597,0.22817701469965446,-5.551824207325473e-05,0.0030571716953320116
2017,2017 - 2018,1. Madhya Pradesh,Seoni,seoni,2.61,2.95,200720.0,523880.0,77.01989806259931,0.4104447969673714,0.5869104030264956,0.2258195350628143,0.3530536125938595,0.241801649762298,True,2.95,2.41,,2.68,2.68,0.3818376618407357,0.54,44.18455374575478,83.1923835287472,63.68846863725099,13.331429425348318,32.83534431684453,0.4083809825055662,0.4030441177575878,0.40571255013157703,0.004732246835794374,0.0020638144618052023,0.5765830150884341,0.5879959934726533,0.5822895042805437,0.00462089874595184,0.010327387938061428,0.2291164240382888,0.2115455342187838,0.2203309791285363,0.005488555934277994,-0.0032968889754745045,0.339269750191228,0.3305772691805265,0.33492350968587725,0.018130102907982226,0.013783862402631464,0.2335099358870669,0.2592812462039406,0.24639559104550374,-0.004593941283205727,0.008291713875231116
2017,2017 - 2018,1. Madhya Pradesh,Shahdol,shahdol,2.18,1.7,28820.0,62890.0,61.31834036059296,0.3843945487582724,0.5344519668211422,0.2178615855326127,0.3165728913848004,0.1968777403514949,True,1.7,2.23,,1.9649999999999999,1.9649999999999999,0.3747665940288702,-0.53,36.35957883199326,75.38568058470392,55.87262970834859,5.445710652244372,24.9587615285997,0.4008448007266423,0.3946755474706345,0.3977601740986384,-0.013365625340366005,-0.01645025196836991,0.5264466926127825,0.5356619553476117,0.5310543239801971,0.0033976428409450143,0.008005274208359614,0.2224243695855079,0.2135132491267434,0.21796880935612567,-0.00010722382351296966,-0.004562784052895202,0.2994936709392054,0.2978722929552778,0.29868298194724163,0.01788990943755875,0.017079220445594956,0.1945724001720284,0.2264070122601278,0.2104897062160781,-0.013611965864583186,0.002305340179466514
2017,2017 - 2018,1. Madhya Pradesh,Shajapur,shajapur,3.6,3.35,79800.0,287600.0,17.05115994936827,0.4373056498302079,0.6688883709350271,0.2591908945471921,0.4342484110954653,0.2468967041092174,True,3.35,3.02,,3.185,3.185,0.23334523779156074,0.33000000000000007,8.653477612280716,14.13556326154369,11.394520436912202,5.656639512456067,8.397682337087554,0.4476429215725318,0.415174960562318,0.4314089410674249,0.005896708762783032,-0.010337271742323906,0.69284541576221,0.6421625797489715,0.6675039977555908,0.0013843731794362935,-0.02395704482718297,0.2665776625562488,0.2326782379807908,0.2496279502685198,0.00956294427867227,-0.007386768009056743,0.4523351286150746,0.3856724994026779,0.4190038140088762,0.015244597086589096,-0.018086717519609274,0.2428130746558826,0.2533071960850572,0.2480601353704699,-0.0011634312612524844,0.004083629453334819
2017,2017 - 2018,1. Madhya Pradesh,Sheopur,sheopur,3.94,4.11,86000.0,339180.0,13.234364409234509,0.3362565576948886,0.4502961887612346,0.2005505271156259,0.2867278572359749,0.1615304991915988,True,4.11,4.32,,4.215,4.215,0.14849242404917495,-0.20999999999999996,7.831887611307578,10.414903406535828,9.123395508921703,4.110968900312805,5.402476797926931,0.3788159526984084,0.3411633574326154,0.3599896550655119,-0.02373309737062329,-0.042559395003519795,0.5370269517356331,0.4973355261566747,0.5171812389461539,-0.06688505018491925,-0.08673076297439847,0.2225302016621571,0.1968148117997862,0.20967250673097165,-0.009121979615345749,-0.021979674546531186,0.3383146231288094,0.3042059628721532,0.3212602930004813,-0.03453243576450643,-0.05158676589283451,0.1680518856480759,0.164654690595712,0.16635328812189396,-0.004822788930295169,-0.006521386456477124
2017,2017 - 2018,1. Madhya Pradesh,Shivpuri,shivpuri,2.82,3.11,76900.0,217090.0,17.272014853553742,0.3557582394679139,0.49967732575683,0.2152984568341779,0.3167875854250496,0.1728388083790936,True,3.11,2.71,,2.91,2.91,0.28284271247461895,0.3999999999999999,8.602056856406078,13.79091486980618,11.19648586310613,6.075528990447612,8.669957997147664,0.3845392372551831,0.3380215600225815,0.3612803986388823,-0.005522159170968377,-0.02878099778726917,0.5447968819893749,0.4973907155190273,0.5210937987542011,-0.02141647299737115,-0.04511955623254493,0.2295040174586382,0.197077396458435,0.21329070695853658,0.0020077498756413126,-0.014205560624460295,0.3475982044424106,0.3010908609490062,0.3243445326957084,-0.007556947270658809,-0.030810619017360985,0.1734950149661139,0.1815846314352718,0.17753982320069284,-0.0047010148215992364,-0.000656206587020286
2017,2017 - 2018,1. Madhya Pradesh,Sidhi,sidhi,2.59,2.87,62700.0,162580.0,44.84975314266375,0.4407947115150463,0.5765961855205711,0.2539310845762763,0.3500353449619505,0.2018507328065314,True,2.87,2.09,,2.48,2.48,0.5515432893255072,0.7800000000000002,29.41906118748782,66.52361192431923,47.97133655590352,-3.121583413239769,15.43069195517593,0.4544791269332689,0.4617786081717905,0.4581288675525297,-0.017334156037483395,-0.013684415418222629,0.5871218141118397,0.6037563348126865,0.5954390744622631,-0.01884288894169195,-0.010525628591268599,0.2529904563566674,0.2552537693253062,0.2541221128409868,-0.00019102826471051326,0.0009406282196088855,0.3423695266029228,0.3540578022410205,0.34821366442197166,0.0018216805399788316,0.007665818359027687,0.2034517545911582,0.2451247162593821,0.22428823542527015,-0.022437502618738753,-0.0016010217846267882
2017,2017 - 2018,1. Madhya Pradesh,Singrauli,singrauli,2.65,2.63,39100.0,103580.0,53.749159515013126,0.3805571630943588,0.5141386302569736,0.2143457863492294,0.3013474918102636,0.1440544507058587,True,2.63,2.17,,2.4,2.4,0.3252691193458118,0.45999999999999996,43.87316531569715,75.38083087394534,59.626998094821246,-5.87783857980812,9.875994199315976,0.3972246690668072,0.3825194154711653,0.38987204226898625,-0.009314879174627477,-0.016667505972448426,0.518689231848804,0.5146590373560843,0.5166741346024442,-0.002535504345470563,-0.0045506015918304055,0.2192940338830852,0.2125508798924307,0.21592245688775796,-0.0015766705385285573,-0.004948247533855782,0.2974755853683182,0.3017741555726115,0.2996248704704648,0.00172262133979878,0.0038719064419454052,0.1518704224334235,0.1819869823926411,0.16692870241303231,-0.02287425170717361,-0.007815971727564791
2017,2017 - 2018,1. Madhya Pradesh,Tikamgarh,tikamgarh,2.5,2.81,97190.0,243070.0,31.406702927804567,0.352301278376456,0.4819177545722009,0.2206717494141028,0.3158777385831003,0.1412519580100675,True,2.81,1.91,,2.36,2.36,0.6363961030678928,0.9000000000000001,13.4846577638435,28.893691986642,21.18917487524275,10.217528052561818,17.922045163961066,0.434550630010531,0.3328442065778608,0.3836974182941959,-0.03139613991773993,-0.08224935163407504,0.6237040072464353,0.4772887795493187,0.550496393397877,-0.06857863882567616,-0.1417862526742344,0.2772405380455451,0.2045386738342866,0.24088960593991585,-0.02021785652581304,-0.056568788631442296,0.433828321226544,0.3135303334153522,0.3736793273209481,-0.0578015887378478,-0.11795058264344371,0.1402666172481968,0.1560033718779244,0.14813499456306062,-0.006883036552993105,0.0009853407618707066
2017,2017 - 2018,1. Madhya Pradesh,Ujjain,ujjain,4.24,3.8,220600.0,935790.0,10.092257590804904,0.4696318296831706,0.7107843510286934,0.2873483942962977,0.4742303832697899,0.2522050403915381,True,3.8,3.5,,3.65,3.65,0.21213203435596414,0.2999999999999998,5.578563202141811,8.01674880954517,6.797656005843491,3.2946015849614128,4.513694388663093,0.4839488007136416,0.4257709569202276,0.45485987881693457,0.014771950866236006,-0.014316971030471026,0.7379846667628198,0.6515207159655462,0.694752691364183,0.016031659664510367,-0.0272003157341264,0.3037267806686045,0.2489181586113955,0.27632246963999996,0.011025924656297759,-0.016378386372306764,0.5032592575540986,0.406134577549626,0.4546969175518623,0.01953346571792758,-0.029028874284308726,0.2446874822942734,0.2524549867571234,0.2485712345256984,0.003633805865839723,0.0075175580972647316
2017,2017 - 2018,1. Madhya Pradesh,Umaria,umaria,2.37,2.31,41770.0,99200.0,56.9869585066527,0.4250336483822214,0.5823944490780082,0.235744632440823,0.3383898720520842,0.2354235415181014,True,2.31,1.67,,1.99,1.99,0.45254833995939053,0.6400000000000001,30.819988993590822,67.22733376252638,49.023661378058605,7.9632971285940926,26.166969513061876,0.4525178835633059,0.4494353171429237,0.4509766003531148,-0.025942951970893413,-0.027484235181084504,0.5971426958754704,0.6112092972130955,0.604175996544283,-0.02178154746627481,-0.014748246797462228,0.2480099807391919,0.2454134614075231,0.24671172107335748,-0.010967088632534483,-0.012265348298368894,0.3493323474526708,0.3482734322486156,0.3488028898506432,-0.010413017798559021,-0.010942475400586571,0.2334772164030061,0.266360881311429,0.24991904885721755,-0.014495507339116143,0.001946325115095321
2017,2017 - 2018,1. Madhya Pradesh,Vidisha,vidisha,3.9,2.96,263000.0,1025700.0,25.60703349758247,0.4485856180016873,0.7082126463717686,0.2763823331791387,0.4822937351160559,0.2322089993357332,True,2.96,2.39,,2.675,2.675,0.40305086527633194,0.5699999999999998,9.625442889681958,18.997807113224543,14.311625001453251,11.29540849612922,15.981590607900513,0.465943511551144,0.4234882388454692,0.4447158751983066,0.0038697428033807046,-0.017357893549456715,0.6998177584348771,0.6815633225643222,0.6906905404995997,0.017522105872168958,0.00839488793689147,0.2894384877942282,0.2506246874360889,0.27003158761515855,0.006350745563980131,-0.013056154615089521,0.4953042291597897,0.4491277813598474,0.47221600525981855,0.010077729856237339,-0.013010494043733833,0.2247231186284894,0.2384090554656414,0.23156608704706538,0.0006429122886678074,0.007485880707243792
2018,2018 - 2019,1. Madhya Pradesh,Agar malwa,agarmalwa,2.1,4.0,74218.0,155914.0,13.299077289364508,0.423002558960123,0.6083970522858932,0.2519656189641718,0.3988827865073121,0.2538939219852617,True,4.0,3.62,3.8,3.81,3.8066666666666666,0.19008769905844333,0.3799999999999999,11.338746529466338,6.367711306017183,8.85322891774176,5.2223202783185005,1.96033075989817,0.3996274247147278,0.403557314824494,0.4015923697696109,0.03423966193358852,0.023375134245395224,0.5856533657347314,0.5918839024228136,0.5887686340787726,0.037536846076797636,0.02274368655116188,0.2281269277656478,0.2342970408796068,0.2312119843226273,0.03167506732343037,0.023838691198523998,0.361404434945369,0.3690917778145607,0.36524810637996485,0.051909265750079314,0.037478351561943124,0.2568437793525184,0.2476939252598512,0.2522688523061848,0.00024168067840563134,-0.002949857367256725
2018,2018 - 2019,1. Madhya Pradesh,Alirajpur,alirajpur,2.31,2.36,21868.0,50437.0,4.265358585486899,0.3596664168532487,0.4835656557871514,0.2115401313097313,0.286960256408172,0.1869955713686812,True,2.36,2.73,3.95,2.545,3.013333333333333,0.8320056089554526,-0.3700000000000001,9.055961073457908,1.0326288454451795,5.044294959451544,-0.05180266132976996,-4.790602487971009,0.3728465426296383,0.3749079266469255,0.37387723463828193,-0.0067120416983978415,-0.013180125776389606,0.5042379796881017,0.5031047246463063,0.503671352167204,-0.012360086898457079,-0.020672323900950307,0.2137506482425459,0.2166423890392767,0.2151965186409113,0.0014696430524436255,-0.002210516932814599,0.2894463627090541,0.2902979335261758,0.28987214811761497,0.0012140515649191053,-0.002486106300882085,0.194653828175482,0.1910931218859041,0.19287347503069305,-0.004129079150802073,-0.007658256806800795
2018,2018 - 2019,1. Madhya Pradesh,Anuppur,anuppur,1.77,3.64,13728.0,24249.0,100.0785345583946,0.3634565613863387,0.469883538984481,0.2062280696346207,0.2860328270469334,0.1710969432526556,True,3.64,1.96,1.77,2.8,2.4566666666666666,1.0291906205039636,1.6800000000000002,68.03247717806829,44.93107214356198,56.481774660815134,35.72773953006053,32.0460573803263,0.3742507869319956,0.3777087617063488,0.3759797743191722,-0.0038118241539349396,-0.0107942255456569,0.5393707097923152,0.4981848956659686,0.5187778027291419,-0.039126298053291375,-0.06948717080783418,0.2163787620257421,0.2149448424614925,0.2156618022436173,-0.002974283950042983,-0.010150692391121402,0.3276771868394498,0.2875753137068307,0.3076262502731403,-0.01255355194599278,-0.041644359792516406,0.1521793067353161,0.1524283283451603,0.1523038175402382,0.012539391429175872,0.018917636517339492
2018,2018 - 2019,1. Madhya Pradesh,Ashoknagar,ashoknagar,3.36,3.27,173890.0,583633.0,25.190987408116754,0.4297210508326604,0.646294793723003,0.2590524639955741,0.4251982637437562,0.2382722446006628,True,3.27,2.47,2.58,2.87,2.7733333333333334,0.4336281048702139,0.7999999999999998,20.94758380586286,8.566634815538016,14.757109310700438,10.176902598927397,4.2434036022538955,0.4152896759630098,0.423289268876094,0.41928947241955195,0.02458147039958175,0.01443137486965057,0.6260565724990729,0.6280130771183973,0.6270348248087351,0.030441468578611297,0.020238221223930153,0.2508327035587317,0.2529619121149588,0.2518973078368453,0.019170765281367574,0.00821976043684236,0.4067978293863585,0.4163502757521869,0.4115740525692727,0.029298062294323135,0.018400434357397688,0.2312001259865252,0.2301956521521083,0.23069788906931676,0.003813325198966405,0.00707211861413759
2018,2018 - 2019,1. Madhya Pradesh,Balaghat,balaghat,1.32,2.49,39692.0,52509.0,88.28333183841846,0.4998180327526098,0.6138411417063254,0.2699824831069807,0.3391578698506827,0.2449461812016952,True,2.49,1.83,1.35,2.16,1.89,0.5723635208501675,0.6600000000000001,77.1409505104334,44.52255565338434,60.83175308190887,20.222251683390354,11.142381327985063,0.4942776141645686,0.4897915172071257,0.49203456568584714,0.005357511996445019,0.005540418588041163,0.6591048595551054,0.6309559336093811,0.6450303965822433,-0.03637776487346189,-0.04526371784878003,0.2661393691252289,0.265971175107725,0.26605527211647695,0.004389489177175909,0.0038431139817518,0.3794974241042332,0.3537484425265914,0.3666229333154123,-0.029346019355103448,-0.040339554253550514,0.2264462272079454,0.2134213525702883,0.21993378988911685,0.02027245525767582,0.01849995399374979
2018,2018 - 2019,1. Madhya Pradesh,Barwani,barwani,3.77,3.55,101968.0,384821.0,10.29777560485235,0.3189004190480988,0.4339150475922828,0.1820253962890696,0.2589413699639969,0.1693761379000765,True,3.55,3.58,3.28,3.565,3.47,0.16522711641858315,-0.03000000000000025,13.396542662116556,4.283639390771659,8.840091026444107,1.0811750474077328,-3.0987670572642063,0.3473092224720007,0.3287445281249916,0.3380268752984962,-0.014655293994004337,-0.028408803423901896,0.4897643874256399,0.4521735969934188,0.47096899220952937,-0.031047163226623875,-0.0558493398333571,0.1938249471874482,0.1859711517825903,0.18989804948501926,-0.0038133308026521984,-0.011799550898378586,0.2847545030880509,0.2584320687337886,0.27159328591091975,-0.008366318134456985,-0.025813133124053977,0.1731398580718984,0.1727646457290861,0.17295225190049224,-0.004160278620104735,-0.003763720171821916
2018,2018 - 2019,1. Madhya Pradesh,Betul,betul,3.25,2.66,144914.0,471037.0,45.29576037424613,0.3812807297439748,0.5424963908728898,0.2113205927918055,0.3080038791009379,0.1548761248253682,True,2.66,2.65,2.47,2.6550000000000002,2.5933333333333337,0.10692676621563617,0.010000000000000231,61.11861701668956,32.72703678083632,46.92282689876294,-5.302761297388322,-15.822856642443433,0.4139421264265128,0.4072292313749662,0.4105856789007395,-0.023564222680207858,-0.03266139668253798,0.6205690622890474,0.5719864778177911,0.5962777700534192,-0.044786056037833366,-0.07807267141615759,0.2244268182568048,0.2241758250432559,0.22430132165003036,-0.008107255879059999,-0.013106225464999288,0.3508930126521395,0.3250029437030946,0.33794797817761707,-0.020750756266667336,-0.04288913355120161,0.1684335828516222,0.1593314510219775,0.16388251693679984,-0.009981847547576,-0.013557458026253993
2018,2018 - 2019,1. Madhya Pradesh,Bhind,bhind,4.22,4.22,98256.0,414198.0,46.73018961026872,0.4586254251190578,0.6529657389107307,0.2997633300233424,0.466149383439964,0.1635257533472048,True,4.22,4.01,3.81,4.115,4.013333333333334,0.20502032419575691,0.20999999999999996,23.47507351659505,22.033062082717777,22.75406779965641,22.188210892635613,23.255116093673667,0.4388505664684652,0.4655844074820151,0.4522174869752401,0.03005898773667104,0.019774858650592586,0.6393209013724963,0.6563493158253905,0.6478351085989433,0.024198868037747845,0.013644837538234422,0.2900690443334122,0.3117457301992657,0.3009073872663389,0.016494081926403004,0.009694285689930193,0.4539207607255737,0.4763365609823015,0.46512866085393756,0.013092306972646572,0.012228622714390291,0.1426957500054491,0.1492217984887126,0.14595877424708084,0.016385609873760504,0.020830003341755693
2018,2018 - 2019,1. Madhya Pradesh,Bhopal,bhopal,3.43,2.92,51175.0,175571.0,24.330613322186064,0.4379664449106488,0.6505928941126335,0.2685197413534724,0.4380376015529607,0.2091281013697614,True,2.92,3.46,3.0,3.19,3.1266666666666665,0.2914332399252586,-0.54,21.05411138980009,7.426307280809711,14.2402093353049,9.740792346062493,3.2765019323859725,0.4416599237187947,0.4405514088013718,0.44110566626008324,0.009898597047933277,-0.0036934788081459113,0.6601109709260523,0.6503962397657796,0.6552536053459159,0.006669975170736864,-0.009518076813418763,0.2657039612821139,0.2624372932778493,0.2640706272799816,0.015078919896929943,0.00281578007135852,0.4368955315217438,0.4302726880947457,0.4335841098082448,0.018508211579396916,0.0011420700312168575,0.2138754023962385,0.2065166619130284,0.21019603215463345,-0.0030654424181624784,-0.004747301026477108
2018,2018 - 2019,1. Madhya Pradesh,Burhanpur,burhanpur,2.96,3.5,14167.0,41998.0,30.121254634925844,0.3703953151116157,0.5251962366571946,0.2172674576905263,0.311165415836427,0.1711651381597795,True,3.5,3.0,3.5,3.25,3.3333333333333335,0.2886751345948129,0.5,31.762933720877065,10.260420619248093,21.01167717006258,6.724851280563229,-1.6416790859512211,0.4001963324509633,0.3887267627420887,0.394461547596526,-0.01539077169760833,-0.02980101733934759,0.5891386153709801,0.5468487048523581,0.5679936601116691,-0.026495132727776705,-0.0639423787137855,0.2287568362623373,0.2141930356197123,0.2214749359410248,0.0006313084937058233,-0.01148937857181101,0.3447151295630596,0.3098368756857126,0.3272760026243861,-0.005199038094592989,-0.033549713726632624,0.1768031253776486,0.1757085239576768,0.1762558246676627,-0.004052811193076489,-0.005637987217869123
2018,2018 - 2019,1. Madhya Pradesh,Chhatarpur,chhatarpur,2.92,2.42,286498.0,837297.0,44.92288731225311,0.3991828654773817,0.5641022964194955,0.2436228553616762,0.3704587340113547,0.1824632995297394,True,2.42,2.85,1.83,2.635,2.3666666666666667,0.5120872321522314,-0.43000000000000016,35.81302219238249,15.09000044274578,25.451511317564133,15.467612524277797,9.10986511987062,0.3671271890930613,0.4301801008430524,0.3986536449680569,0.019519698487752424,0.032055676384320386,0.5093192593936522,0.6111206049761836,0.560219932184918,0.028760788373120794,0.054783037025843306,0.2208881191620247,0.2593548752571568,0.24012149720959075,0.01681204937722275,0.022734736199651495,0.3206021733125761,0.4014121970227342,0.3610071851676552,0.03015536487175624,0.049856560698778585,0.1743076414159814,0.1744950825182347,0.17440136196710804,0.001014134226798108,0.008155658113757985
2018,2018 - 2019,1. Madhya Pradesh,Chhindwara,chhindwara,3.53,3.42,213338.0,754061.0,68.48277934494955,0.397193133576116,0.5469765430240477,0.2184283596844353,0.3195489972054849,0.2105709096619986,True,3.42,3.23,3.85,3.325,3.5,0.3176476034853719,0.18999999999999995,79.26825818587369,44.39159859231391,61.8299283890938,1.4938079793542727,-10.785478840924142,0.4221593357468436,0.4083568768765385,0.415258106311691,-0.01493489208109594,-0.02496620217072759,0.6162321947891861,0.5658606789982628,0.5910464368937245,-0.043932778842841747,-0.06925565176513837,0.2283130064373573,0.2284604253819466,0.22838671590965196,-0.006091902231506269,-0.009884646752922,0.3530297575739022,0.3340197055729519,0.34352473157342706,-0.016031680156901207,-0.033480760368417295,0.2155235312082635,0.2069394016997514,0.21123146645400745,-0.006833197367626359,-0.004952621546264913
2018,2018 - 2019,1. Madhya Pradesh,Damoh,damoh,2.56,3.5,133244.0,340444.0,58.2311684598734,0.4029069759269464,0.5789502382933449,0.2468036336453776,0.3894626754661109,0.2271632792152478,True,3.5,3.51,2.01,3.505,3.0066666666666664,0.863153134347164,-0.009999999999999787,50.077209417871536,25.717698052647,37.89745373525927,17.743966314474484,8.153959042001865,0.4034594132015718,0.4148311505164068,0.4091452818589893,0.0027564813308072478,-0.0005524372746253947,0.6022743221846467,0.5900168733640221,0.5961455977743344,-0.010256120530348745,-0.023324083891301806,0.2400887700305131,0.2444657217912021,0.24227724591085759,0.011502123079328852,0.006714863614864508,0.3856272183657736,0.3831391560895774,0.3843831872276755,0.015044777322730796,0.0038354571003372806,0.2297332797381458,0.2294512787260849,0.22959227923211534,-0.00783217001077302,-0.0025700005228980194
2018,2018 - 2019,1. Madhya Pradesh,Datia,datia,3.32,3.3,185315.0,614412.0,36.652919850605805,0.4600283204261771,0.7130036156530541,0.2860145789508534,0.510821696113567,0.1496530816004341,True,3.3,3.38,2.97,3.34,3.216666666666667,0.21733231083604032,-0.08000000000000007,21.736976395992777,16.68857080359088,19.21277359979183,15.995328198305561,14.915943454613029,0.4419836458316998,0.4690156256326545,0.4554996357321771,0.023103437421054418,0.018044674594477284,0.6703054509722601,0.6872324822682646,0.6787689666202623,0.041374278235893014,0.042698164680794015,0.2785945587610988,0.3053442947941149,0.29196942677760684,0.009263437715917144,0.007420020189754628,0.4817696355739224,0.4969036329361585,0.4893366342550405,0.030011366160776154,0.029052060539644597,0.1309993881963002,0.133274095024389,0.1321367416103446,0.014824508169258871,0.01865369340413392
2018,2018 - 2019,1. Madhya Pradesh,Dewas,dewas,2.38,4.1,134126.0,318605.0,13.22958811619975,0.4037122513705118,0.6140286805662671,0.2425454016845564,0.3899178663156771,0.2070227674829252,True,4.1,3.69,4.1,3.8949999999999996,3.963333333333333,0.2367136103677464,0.4099999999999997,16.820521688486796,6.540280384698122,11.680401036592459,1.6192807211115525,-3.590933572287046,0.4221097744837441,0.4348420462744092,0.4284759103790766,-0.02094093927958879,-0.018397523113232284,0.6503061733748767,0.6671957221917632,0.65875094778332,-0.03784317851105279,-0.03627749280860959,0.2452367990601803,0.2557967404226743,0.25051676974142734,-0.002968573050160933,-0.002691397375623905,0.4104972409489099,0.4255886545772474,0.41804294776307865,-0.01759244487325662,-0.020579374633232783,0.2083964508560607,0.2073077745061682,0.20785211268111445,-0.0016551630567484266,-0.0013736833731355091
2018,2018 - 2019,1. Madhya Pradesh,Dhar,dhar,3.46,3.48,233817.0,809679.0,4.882708207418891,0.3805463649880382,0.5665901903958522,0.2269014452431979,0.3614144064668703,0.2020998315467445,True,3.48,3.34,3.0,3.41,3.2733333333333334,0.2468467810876482,0.14000000000000012,6.935389537695894,0.8708629410061326,3.903126239351013,1.146559872004437,-2.052681330277003,0.3943265115205389,0.4048063351341691,0.399566423327354,-0.011366150263340369,-0.013780146532500703,0.585146659487953,0.6001864255267323,0.5926665425073426,-0.014398045004508031,-0.018556469092100736,0.2337469542229923,0.2407963648159888,0.23727165951949053,-0.003380302105621208,-0.006845508979794385,0.3753587275725664,0.3807065245003532,0.3780326260364598,-0.0034645228845887055,-0.0139443211056961,0.2062497799115015,0.2035406271335246,0.20489520352251306,-0.0025625948845333923,-0.004149948364757017
2018,2018 - 2019,1. Madhya Pradesh,Dindori,dindori,1.03,2.43,34942.0,36048.0,102.9000969153108,0.4346375064760837,0.5332369271784051,0.2193590697874985,0.2856890117264445,0.1903797511034481,True,2.43,2.2,1.47,2.3150000000000004,2.0333333333333337,0.5012318159627673,0.22999999999999998,79.71954363725254,42.74372677612184,61.23163520668719,34.361650645483564,23.180553278058255,0.4345420315755108,0.4422179228722848,0.43837997722389777,-0.005441992094600667,9.547490057287833e-05,0.5861649462309857,0.5803435282113919,0.5832542372211889,-0.0552456023811676,-0.0529280190525806,0.2242437183484538,0.2282623880846651,0.22625305321655945,-0.003894352689042424,-0.004884648560955301,0.3184612714248321,0.3133037890617587,0.3158825302432954,-0.029778149465752135,-0.032772259698387596,0.1684170298156703,0.1631100147287573,0.1657635222722138,0.015935563569727057,0.021962721287777792
2018,2018 - 2019,1. Madhya Pradesh,Guna,guna,3.94,3.71,165089.0,649906.0,21.91856748963758,0.4321886338925124,0.6401029140118716,0.2658941117322991,0.4414500295214733,0.2105241264909045,True,3.71,3.83,3.74,3.77,3.7600000000000002,0.062449979983984,-0.1200000000000001,17.014325332580395,7.47300398334465,12.243664657962523,9.926915835374258,4.904242157057187,0.3980171792892173,0.4037447445996238,0.4008809619444206,0.039412944542261574,0.03417145460329507,0.5817714916464389,0.5998142430392626,0.5907928673428507,0.053959744426375966,0.05833142236543265,0.2367322753418127,0.2336263086389819,0.2351792919903973,0.037839283977154775,0.02916183639048639,0.3772534329074472,0.3762126964326965,0.37673306467007184,0.07318459968328112,0.0641965966140261,0.2048575248309046,0.20441645238452,0.2046369886077123,0.003277164235401364,0.005666601659999881
2018,2018 - 2019,1. Madhya Pradesh,Gwalior,gwalior,3.71,3.8,140836.0,523109.0,33.1353315298439,0.409554168081347,0.5907430077664472,0.2517013986489666,0.40787794961003,0.1522145770154885,True,3.8,4.01,3.79,3.905,3.8666666666666667,0.12423096769056141,-0.20999999999999996,16.7600088682794,16.401689627772797,16.580849248026098,15.398559330980373,16.375322661564503,0.3639987301279273,0.3898198265708675,0.37690927834939736,0.040615281752700017,0.04555543795341971,0.5226533924958584,0.5527423613925362,0.5376978769441974,0.053883378984888486,0.06808961527058877,0.2280995797197041,0.2408682487806537,0.2344839142501789,0.024703664052450752,0.023601818929262525,0.3533622993559633,0.3742692574035176,0.36381577837974044,0.04759454693434212,0.05451565025406668,0.1354377190938926,0.1379286651467047,0.13668319212029867,0.013319485875637527,0.01677685792159589
2018,2018 - 2019,1. Madhya Pradesh,Harda,harda,4.36,3.98,142439.0,620836.0,22.419673950539668,0.4850464548809052,0.7448731337824431,0.3133084804183527,0.5487229984147606,0.2245799802203829,True,3.98,4.3,3.84,4.14,4.04,0.2357965224510319,-0.31999999999999984,28.150555694591542,14.961483523753106,21.556019609172324,-2.3491680870830045,-5.7308817440518744,0.4829415056493347,0.4979292795464302,0.49043539259788244,0.0011599463354067252,0.0021049492315705076,0.7548503750953074,0.7519060764894675,0.7533782257923874,0.0014883884303281691,-0.00997724131286426,0.3004961474869355,0.3040772192236667,0.30228668335530107,0.01707424522737172,0.012812332931417203,0.5293369154276577,0.5266097134015704,0.527973314414614,0.02804984597373905,0.01938608298710287,0.228423272709102,0.2255943271956406,0.2270087999523713,-0.0030033943275134256,-0.003843292488719119
2018,2018 - 2019,1. Madhya Pradesh,Hoshangabad,hoshangabad,4.47,4.31,280763.0,1254028.0,42.44147778488185,0.4931431250038662,0.7342680903013724,0.298563580918764,0.5058705041213315,0.2217679525611582,True,4.31,4.5,4.25,4.404999999999999,4.353333333333333,0.13051181300301268,-0.1900000000000004,47.75102402306582,27.99479621847375,37.87291012076978,1.606746719444196,-5.3095462381839695,0.4985451763702356,0.5143681256425979,0.5064566510064168,-0.00832723278480324,-0.005402051366369398,0.74669100816209,0.7371362395019458,0.7419136238320179,-0.010907699502491375,-0.012422917860717586,0.2933153042897209,0.3028104498652177,0.2980628770774693,0.003019659470571201,0.0052482766290430916,0.5061650933980776,0.4901991303302716,0.4981821118641746,0.004536976037449292,-0.00029458927674608226,0.2312104813570027,0.2227336823464562,0.22697208185172946,-0.006869619125069393,-0.009442528795844507
2018,2018 - 2019,1. Madhya Pradesh,Indore,indore,4.13,4.21,126387.0,521752.0,8.34800782841317,0.4312548800213407,0.6596374956581715,0.2639432956432106,0.4296308295397061,0.2273907577060288,True,4.21,4.31,4.42,4.26,4.3133333333333335,0.10503967504392486,-0.09999999999999964,10.873395102361853,2.154498831192253,6.513946966777053,1.4733392630952338,-2.5253872739486827,0.4383892917588392,0.4445312319290661,0.4414602618439526,-0.00408502800534255,-0.007134411737498458,0.6712869596212554,0.6856989487484972,0.6784929541848763,-0.011708726575763162,-0.011649463963083861,0.2642999090877063,0.2726195778367798,0.26845974346224305,0.0023023551964792,-0.0003566134444956681,0.4454952356010345,0.4600983664141264,0.45279680100758046,-0.009491670774318395,-0.015864406061328384,0.2296088969651296,0.2263630720926856,0.22798598452890761,-0.0020319048948962415,-0.0022181392591008042
2018,2018 - 2019,1. Madhya Pradesh,Jabalpur,jabalpur,3.97,3.78,193246.0,766680.0,59.8518467873305,0.4518225068527197,0.6267035124067224,0.2601644125994333,0.4092082396408975,0.2570664475498478,True,3.78,3.73,3.53,3.755,3.6799999999999997,0.13228756555322957,0.04999999999999982,52.79028709369339,27.482719406008385,40.13650324985089,12.737593670478581,7.061559693637115,0.4378248046645618,0.4609047313556099,0.44936476801008585,0.0024014156699920797,0.013997702188157879,0.6311895193229676,0.6395441615523245,0.635366840437646,-0.013879734721443104,-0.004486006916245233,0.249327772021549,0.2604665285066375,0.2548971502640932,0.006935441282906907,0.010836640577884304,0.400907832633218,0.3933898545333943,0.39714884358330615,0.011839242955722917,0.008300407007679478,0.2486128698337357,0.2466451456624347,0.24762900774808522,0.001914598108057275,0.008453577716112104
2018,2018 - 2019,1. Madhya Pradesh,Jhabua,jhabua,2.72,2.97,53062.0,144515.0,3.874157542188731,0.3501778473961869,0.4912265008259771,0.199185100711789,0.2864534477082143,0.2188593693186131,True,2.97,3.19,2.63,3.08,2.9299999999999997,0.28213471959331776,-0.21999999999999975,6.035802433132187,0.3779941550284927,3.20689829408034,1.407375667317896,-2.1616448909434562,0.3536848303772453,0.3564516683755319,0.3550682493763886,0.011230094626779485,-0.003506982981058393,0.494510522971649,0.4968638716466108,0.4956871973091299,0.016051318847457308,-0.0032840221456719165,0.2019315608326944,0.1999204246674622,0.2009259927500783,0.00935605826814978,-0.002746460120905403,0.2907871619588484,0.2834126290875484,0.28709989552319837,0.0128830103100403,-0.004333714250634113,0.2278493959143131,0.220047436284059,0.22394841609918606,-0.003681100365165252,-0.008990026595700001
2018,2018 - 2019,1. Madhya Pradesh,Katni,katni,3.31,3.02,166312.0,550809.0,76.27417119330573,0.430519610472392,0.6087582498666535,0.251808814863113,0.3955051518797562,0.2474205666836426,True,3.02,3.19,2.28,3.105,2.83,0.4838388161361179,-0.16999999999999993,50.75135125939483,27.926024164808734,39.33868771210178,31.577496582353128,25.522819933910903,0.422407843627943,0.437563810816661,0.429985827222302,0.0025102798732966614,0.008111766844449031,0.603906170863114,0.6240875848264787,0.6139968778447964,-0.0027854576240572415,0.004852079003539456,0.2466962624539349,0.2516017189750048,0.24914899071446983,0.005710775664390461,0.005112552409178128,0.3764141078248618,0.3877749567485892,0.3820945322867255,0.017300026222201725,0.019091044054894424,0.2367533607050943,0.2381113720935713,0.2374323663993328,0.001752195891493502,0.010667205978548283
2018,2018 - 2019,1. Madhya Pradesh,Khandwa,khandwa,2.94,3.75,177418.0,521915.0,20.66331286414377,0.343470381419357,0.5312280730373107,0.1975651622834949,0.3181506278618441,0.2171451274905423,True,3.75,3.96,2.29,3.855,3.3333333333333335,0.9096336258809551,-0.20999999999999996,23.37847696192264,9.35936836178001,16.368922661851325,2.083258372049084,-2.715164097778871,0.3581206803367873,0.3473956904120823,0.3527581853744348,-0.000978436957237594,-0.014650298917430304,0.5519104819308103,0.5324375262635602,0.5421740040971852,0.0025225310780544463,-0.020682408893499593,0.1977381627435632,0.1875149665556559,0.19262656464960953,0.011167144597029194,-0.0001730004600682955,0.3197938278603142,0.3040143187476029,0.31190407330395853,0.018438588391549937,-0.0016431999984700685,0.2199541631529144,0.2195149727372441,0.21973456794507926,-0.002508316719189385,-0.002809035662372117
2018,2018 - 2019,1. Madhya Pradesh,Khargone,khargone,3.89,3.8,222195.0,863787.0,14.958210294924092,0.3646574074167802,0.5256365979303131,0.2132732696329882,0.334074200163012,0.2199991354257532,True,3.8,4.14,3.36,3.9699999999999998,3.766666666666666,0.39106691669499893,-0.33999999999999986,15.332754224335964,3.577818189492303,9.455286206914133,5.016919953747035,-0.37454392941187287,0.385305822110412,0.3664613071217921,0.37588356461610206,-0.007535645846458494,-0.020648414693631767,0.572501756569851,0.5349752622048781,0.5537385093873646,-0.019336350711706807,-0.046865158639537885,0.2178190792677597,0.2091735698554311,0.2134963245615954,0.0036205938143903105,-0.004545809634771497,0.3502588313218289,0.3203875056082459,0.3353231684650374,0.00790210554993398,-0.01618463115881691,0.2222314403212117,0.2220387494514871,0.22213509488634942,-0.003019473960732544,-0.0022323048954585034
2018,2018 - 2019,1. Madhya Pradesh,Mandla,mandla,2.31,2.64,53435.0,123324.0,92.4557268982004,0.4132003981487224,0.5397973692085922,0.2135620431272943,0.2949058961737698,0.2594353864109456,True,2.64,3.31,2.38,2.975,2.776666666666667,0.4798263574808426,-0.6699999999999999,81.24724261069159,46.01321311118252,63.630227860937055,21.76825302457401,11.20848428750881,0.4115531791562146,0.4228158680998234,0.417184523628019,-0.008524281348792517,0.001647218992507804,0.5706274667221496,0.5828667327114929,0.5767470997168213,-0.04475897181782551,-0.030830097513557364,0.21383447227283,0.2197207727994988,0.2167776225361644,-0.001978917250055612,-0.00027242914553571307,0.3140683185021863,0.3173292811186534,0.3156987998104198,-0.02230007970724418,-0.01916242232841653,0.241822126413113,0.2376635433445982,0.2397428348788556,0.012284425556216283,0.017613259997832614
2018,2018 - 2019,1. Madhya Pradesh,Mandsaur,mandsaur,4.3,4.24,159314.0,684705.0,17.428317359655285,0.4301386978695748,0.6360271857789956,0.2625337951587292,0.4199876458443649,0.2236475087235902,True,4.24,4.31,3.26,4.275,3.936666666666667,0.5870547958524258,-0.0699999999999994,21.155984736721603,11.364608754920422,16.260296745821012,2.7076049850935995,-3.727667377066318,0.3931895598367372,0.4038867390559332,0.3985381494463352,0.052882114969143135,0.036949138032837614,0.5926052151394862,0.60525081166839,0.5989280134039381,0.07138925764162807,0.04342197063950948,0.2295987414371753,0.2405696953834278,0.23508421841030153,0.04358867073551578,0.03293505372155392,0.3649501439470461,0.3843729557973686,0.37466154987220734,0.0731268649699634,0.055037501897318764,0.229229998908482,0.2207533143377281,0.22499165662310505,-0.0013815805782758372,-0.005582490184891792
2018,2018 - 2019,1. Madhya Pradesh,Morena,morena,4.05,4.26,120546.0,487757.0,40.504066865118766,0.4218612751914448,0.5884517254927208,0.2764556666450935,0.4282795619709492,0.1571287170877984,True,4.26,3.91,4.24,4.085,4.136666666666667,0.19655363983740748,0.34999999999999964,21.87064153953161,18.328641305265844,20.099641422398726,19.84560696136402,18.633425325587154,0.3904535072878268,0.4138034042708834,0.4021284557793551,0.030635354878557453,0.03140776790361799,0.5461108012004858,0.580241391198624,0.5631760961995549,0.032965546693532466,0.042340924292235016,0.2585054175888885,0.2678649446805544,0.26318518113472145,0.022322760899491256,0.017950249056205014,0.3925352235967689,0.4107005868778259,0.4016179052372974,0.03527180122206025,0.035744338374180284,0.1366761386031123,0.1448182989457002,0.14074721877440627,0.01585798840934019,0.020452578484686096
2018,2018 - 2019,1. Madhya Pradesh,Narsinghpur,narsinghpur,3.66,3.49,120227.0,439773.0,53.47007279478395,0.4560027174574589,0.6190105322674663,0.2604744918524108,0.385798744497918,0.2503554225322958,True,3.49,4.04,4.08,3.765,3.8699999999999997,0.3296968304366906,-0.5499999999999998,60.85918496626402,33.80678837286938,47.332986669566694,1.4351194328496533,-7.389112171480065,0.4586253316275531,0.4770069764887857,0.4678161540581694,-0.007862261406839599,-0.002622614170094184,0.6318924608022516,0.6392909715534146,0.635591716177833,-0.01529008592030745,-0.012881928534785314,0.2563353685765946,0.2643391203654575,0.260337244471026,0.002219444305061935,0.00413912327581617,0.3842284298116746,0.3868760801308616,0.3855522549712681,0.0031808001565999944,0.0015703146862434125,0.2526425577621082,0.2476979315060156,0.2501702446340619,-0.0049212389626788755,-0.002287135229812387
2018,2018 - 2019,1. Madhya Pradesh,Neemuch,neemuch,4.19,3.91,76801.0,321795.0,14.66213909911107,0.3966107508110309,0.561220773545851,0.2423094574141155,0.359709950868977,0.163188189480316,True,3.91,3.28,4.03,3.5949999999999998,3.7399999999999998,0.40286474156967395,0.6300000000000003,14.597344749379907,8.859950780945077,11.728647765162492,4.451007571614992,0.06479434973116227,0.3705276482029245,0.3811125000484339,0.3758200741256792,0.0369796604726183,0.026083102608106423,0.530148276787107,0.5310605235474839,0.5306044001672954,0.05673169663439481,0.031072496758744017,0.2189570151751653,0.2264037513952377,0.2226803832852015,0.029705800664822868,0.023352442238950194,0.3251717391750073,0.3292941051315045,0.3272329221532559,0.04966333655521349,0.0345382116939697,0.1654440530377871,0.1623097811053453,0.1638769170715662,-0.00026205283506997024,-0.002255863557471094
2018,2018 - 2019,1. Madhya Pradesh,Panna,panna,2.71,2.71,105107.0,285197.0,58.0363495236557,0.3829631545186844,0.5382500548178687,0.2242259581340994,0.342254479054077,0.146810958968336,True,2.71,3.06,1.76,2.885,2.51,0.6726812023536856,-0.3500000000000001,46.58796376476445,23.700851089680203,35.144407427222326,18.293356802113465,11.448385758891249,0.3826487420022653,0.3999131082759643,0.39128092513911483,0.001444201920804633,0.00031441251641911583,0.5501865029098139,0.5678205592184796,0.5590035310641468,-0.013158947111262087,-0.011936448091945162,0.2250269949706249,0.2285348960765082,0.22678094552356654,0.005385690791240405,-0.0008010368365254927,0.3439351571889116,0.3484626293935973,0.3461988932912544,0.006125211205493641,-0.001680678134834579,0.1384717548017334,0.1445105010287486,0.141491127915241,-0.00157873962258262,0.008339204166602582
2018,2018 - 2019,1. Madhya Pradesh,Raisen,raisen,3.19,3.28,232380.0,741781.0,33.58736649106062,0.4280808139843743,0.6392475406364366,0.2543485676181315,0.417092758484905,0.1977566378347153,True,3.28,3.27,3.16,3.275,3.236666666666667,0.0665832811847938,0.009999999999999787,32.85210163304923,18.598020491113942,25.725061062081586,6.472076342148455,0.7352648580113907,0.4331453279402955,0.4495763189882803,0.4413608234642879,-0.005185575581274637,-0.005064513955921168,0.6639844948645596,0.6515003950842518,0.6577424449744057,-0.011097895681600911,-0.024736954228122943,0.2519732923647984,0.2634133543965724,0.2576933233806854,0.0022241858904591405,0.0023752752533331423,0.4279835471648726,0.4209269469332513,0.4244552470490619,0.000542071412308831,-0.010890788679967567,0.2051800151873611,0.200683333926514,0.20293167455693756,-0.00693024441934087,-0.0074233773526457825
2018,2018 - 2019,1. Madhya Pradesh,Rajgarh,rajgarh,3.52,3.49,229108.0,807116.0,17.545930689171055,0.4236035355785095,0.630174273420986,0.2558413051330319,0.4240460148112612,0.2429242662232415,True,3.49,3.55,2.54,3.52,3.1933333333333334,0.5665980350595414,-0.05999999999999961,14.199837033857891,6.927463190462178,10.563650112160035,6.820302837540767,3.3460936553131635,0.3994427559380579,0.4093660445613299,0.40440440024969393,0.028409138295359015,0.024160779640451602,0.6003769489318772,0.6186233919666543,0.6095001704492657,0.03202611121540033,0.029797324489108767,0.2307050270720219,0.2372301456991652,0.23396758638559356,0.031770923981502,0.025136278061009987,0.376859511910665,0.3963340415743933,0.3865967767425291,0.05443517784935337,0.04718650290059617,0.2418944354663726,0.2364224851594281,0.23915846031290033,0.00112859384723199,0.0010298307568689102
2018,2018 - 2019,1. Madhya Pradesh,Ratlam,ratlam,3.05,3.58,153934.0,468977.0,9.093851184503771,0.4259169965251507,0.6274520432950251,0.2569711890856864,0.4005385613997471,0.2485859210333038,True,3.58,3.39,3.4,3.4850000000000003,3.456666666666667,0.10692676621563629,0.18999999999999995,8.921171638466166,3.765985200544897,6.343578419505532,3.539839294946601,0.17267954603760494,0.4210312588104276,0.4272888363548283,0.42416004758262793,0.019732724303984706,0.004885737714723115,0.618926372498432,0.6265641633528579,0.6227452679256449,0.0314201802020756,0.008525670796593166,0.2498437591632591,0.2550501606781101,0.2524469599206846,0.01899012026096117,0.007127429922427292,0.3881179660680593,0.3941724276553465,0.3911451968617029,0.032074455958411574,0.012420595331687767,0.2571891093310261,0.2461112776142615,0.25165019347264383,-0.0025058660152637025,-0.00860318829772233
2018,2018 - 2019,1. Madhya Pradesh,Rewa,rewa,3.01,2.88,261238.0,785462.0,66.06962258317151,0.3994834768304988,0.5530991906916046,0.2415567891189632,0.3683953307208313,0.1532037948107825,True,2.88,2.87,2.11,2.875,2.6199999999999997,0.4417012565071556,0.009999999999999787,41.59383125852734,22.1238401444642,31.85883570149577,28.785518234833397,24.47579132464417,0.3923989952051446,0.4137814124478745,0.4030902038265095,0.0006710090833497717,0.007084481625354189,0.5446282410882957,0.5735982383864845,0.5591132397373901,0.0009196114752375584,0.008470949603308964,0.2354973849260354,0.243995514525194,0.2397464497256147,0.006551048712005542,0.006059404192927803,0.3493563414688266,0.3752632554300983,0.36230979844946243,0.018513824870598994,0.0190389892520047,0.1433441286041691,0.1453620514007556,0.14435309000246233,7.446365447333347e-06,0.00985966620661341
2018,2018 - 2019,1. Madhya Pradesh,Sagar,sagar,2.5,3.21,301969.0,755948.0,41.64358288928014,0.4256852666247052,0.617182127555703,0.2525868425350911,0.3962580060369049,0.2292656377022467,True,3.21,2.76,2.19,2.985,2.72,0.5111751167652823,0.4500000000000002,39.49978085760924,18.72019329258437,29.109987075096804,10.333477807651231,2.1438020316709014,0.4238520335503185,0.4302393308114678,0.4270456821808931,0.010326105997643109,0.0018332330743867087,0.6387502587487268,0.6151375165850327,0.6269438876668798,0.00268239438166884,-0.02156813119302381,0.2470677858244097,0.2491735331706914,0.24812065949755055,0.01310700566273934,0.005519056710681425,0.4016427464389573,0.3999235700786609,0.4007831582588091,0.009612539894691352,-0.00538474040205239,0.2362024318794557,0.2296391304376547,0.2329207811585552,-0.007791731031923238,-0.006936794177208994
2018,2018 - 2019,1. Madhya Pradesh,Satna,satna,3.68,3.43,244840.0,899821.0,65.39604449116685,0.4022724004814347,0.5711169714896862,0.2405294444106939,0.3721687638864308,0.155774005435267,True,3.43,3.61,2.95,3.52,3.33,0.3411744421846395,-0.17999999999999972,47.45848340995929,24.22657237060215,35.84252789028072,24.014663216487868,17.937561081207555,0.3903941076376074,0.41449354514956,0.40244382639358367,0.0027837376656665858,0.011878292843827298,0.5524475406522732,0.5887338384909344,0.5705906895716037,0.0027954761438205855,0.018669430837413015,0.23306000224457,0.244130129093829,0.2385950656691995,0.0062621735839197,0.007469442166123913,0.3541769527977342,0.3803139525312481,0.36724545266449116,0.012089029018044095,0.017991811088696574,0.14509225592894,0.1497427202467289,0.14741748808783445,0.00017925092722292923,0.010681749506326998
2018,2018 - 2019,1. Madhya Pradesh,Sehore,sehore,3.09,3.53,273649.0,845434.0,21.53420280280281,0.4365548911298251,0.6717086629917415,0.2699587276678297,0.4548096953593511,0.2244669823841605,True,3.53,3.39,3.64,3.46,3.52,0.12529964086141665,0.13999999999999968,23.21402364599519,10.964977073072632,17.08950035953391,3.8357252850894916,-1.6798208431923811,0.4351217438529593,0.4469147385498127,0.441018241201386,0.004906851940270962,0.001433147276865776,0.6731810006820655,0.6753025552833539,0.6742417779827097,0.010151446225531546,-0.001472337690324066,0.2599605896764752,0.2677516334546734,0.2638561115655743,0.014026616616466203,0.009998137991354517,0.4402645161096011,0.4503402414858785,0.4453023787977398,0.023354032577440065,0.014545179249750018,0.2281214964575812,0.2250643247622492,0.2265929106099152,-0.003691526234802872,-0.0036545140734207116
2018,2018 - 2019,1. Madhya Pradesh,Seoni,seoni,3.09,2.61,203008.0,627616.0,75.44901610985264,0.4080484420202345,0.5663710828249809,0.2237755071070775,0.3386473116428176,0.2511470125038942,True,2.61,2.95,2.41,2.7800000000000002,2.6566666666666667,0.273007936392577,-0.3400000000000003,77.01989806259931,44.18455374575478,60.60222590417705,7.3167376641522,-1.5708819527466744,0.4104447969673714,0.4083809825055662,0.40941288973646883,0.0007584762767260389,-0.002396354947136914,0.5869104030264956,0.5765830150884341,0.5817467090574648,-0.017458721037546754,-0.02053932020151461,0.2258195350628143,0.2291164240382888,0.22746797955055154,0.0016150093337818638,-0.002044027955736799,0.3530536125938595,0.339269750191228,0.3461616813925438,-0.0023195656790537256,-0.014406300951041895,0.241801649762298,0.2335099358870669,0.23765579282468247,0.006282735219459046,0.009345362741596197
2018,2018 - 2019,1. Madhya Pradesh,Shahdol,shahdol,2.42,2.18,46403.0,112460.0,91.11642778161595,0.3883492580258011,0.4963618323577269,0.2158523211283026,0.2969880357467062,0.2147704372875373,True,2.18,1.7,2.23,1.94,2.0366666666666666,0.29263173671584797,0.4800000000000002,61.31834036059296,36.35957883199326,48.83895959629311,33.428561189185906,29.79808742102299,0.3843945487582724,0.4008448007266423,0.39261967474245735,-0.004955707626048578,0.003954709267528722,0.5344519668211422,0.5264466926127825,0.5304493297169623,-0.03582503923611857,-0.03809013446341525,0.2178615855326127,0.2224243695855079,0.22014297755906032,-0.0020807469533187517,-0.002009264404310096,0.3165728913848004,0.2994936709392054,0.3080332811620029,-0.007658249346388313,-0.0195848556380942,0.1968777403514949,0.1945724001720284,0.19572507026176167,0.008818053026320244,0.017892696936042396
2018,2018 - 2019,1. Madhya Pradesh,Shajapur,shajapur,2.82,3.6,119407.0,336653.0,19.228338180121963,0.4478807060792773,0.6793369674293762,0.2753392660853183,0.4608657712837613,0.2460256091839208,True,3.6,3.35,3.02,3.475,3.3233333333333337,0.29091808698211485,0.25,17.05115994936827,8.653477612280716,12.852318780824493,5.948271239057737,2.177178230753693,0.4373056498302079,0.4476429215725318,0.4424742857013699,0.014506195424258073,0.010575056249069403,0.6688883709350271,0.69284541576221,0.6808668933486186,0.011371511947306678,0.01044859649434915,0.2591908945471921,0.2665776625562488,0.2628842785517205,0.02252366772390768,0.016148371538126205,0.4342484110954653,0.4523351286150746,0.44329176985526997,0.036780424912688736,0.026617360188296024,0.2468967041092174,0.2428130746558826,0.24485488938255,-0.0016467157661315956,-0.000871094925296606
2018,2018 - 2019,1. Madhya Pradesh,Sheopur,sheopur,4.32,3.94,109134.0,471747.0,25.82876249343268,0.4053977100635145,0.5785849852116588,0.2388030152620898,0.3672539370936979,0.1703051216473598,True,3.94,4.11,4.32,4.025,4.123333333333334,0.19035055380358995,-0.17000000000000037,13.234364409234509,7.831887611307578,10.533126010271044,15.335044017740042,12.594398084198172,0.3362565576948886,0.3788159526984084,0.3575362551966485,0.05331908745487701,0.06914115236862589,0.4502961887612346,0.5370269517356331,0.4936615702484338,0.08369876299381135,0.12828879645042418,0.2005505271156259,0.2225302016621571,0.2115403643888915,0.03217116840290005,0.0382524881464639,0.2867278572359749,0.3383146231288094,0.31252124018239213,0.05750445601471876,0.08052607985772303,0.1615304991915988,0.1680518856480759,0.16479119241983736,0.0055594298355642335,0.008774622455761022
2018,2018 - 2019,1. Madhya Pradesh,Shivpuri,shivpuri,3.1,2.82,287013.0,889371.0,26.12096966205231,0.4056887537687625,0.5815913547064865,0.2443095637479775,0.3798298910888821,0.1852846611469536,True,2.82,3.11,2.71,2.965,2.8800000000000003,0.20663978319771822,-0.29000000000000004,17.272014853553742,8.602056856406078,12.93703585497991,12.899307468796977,8.848954808498569,0.3557582394679139,0.3845392372551831,0.3701487383615485,0.046249074853536354,0.049930514300848605,0.49967732575683,0.5447968819893749,0.5222371038731024,0.06763638028474239,0.08191402894965649,0.2152984568341779,0.2295040174586382,0.22240123714640803,0.0303496068308938,0.0290111069137996,0.3167875854250496,0.3475982044424106,0.33219289493373005,0.05800434081672662,0.06304230566383251,0.1728388083790936,0.1734950149661139,0.17316691167260373,0.009311842886793847,0.012445852767860005
2018,2018 - 2019,1. Madhya Pradesh,Sidhi,sidhi,3.03,2.59,95999.0,290401.0,72.96431049244053,0.4572744229479037,0.5792514573634263,0.2589514512679954,0.3530365469411149,0.2131291238182676,True,2.59,2.87,2.09,2.73,2.5166666666666666,0.3951371070063319,-0.28000000000000025,44.84975314266375,29.41906118748782,37.134407165075785,26.033501740950264,28.11455734977678,0.4407947115150463,0.4544791269332689,0.4476369192241576,0.004923607407868458,0.016479711432857425,0.5765961855205711,0.5871218141118397,0.5818589998162054,-0.00990665411827285,0.002655271842855189,0.2539310845762763,0.2529904563566674,0.25346077046647186,0.004893014515245486,0.005020366691719125,0.3500353449619505,0.3423695266029228,0.34620243578243665,0.004215655672483665,0.003001201979164425,0.2018507328065314,0.2034517545911582,0.2026512436988448,-0.0036799440674229744,0.011278391011736194
2018,2018 - 2019,1. Madhya Pradesh,Singrauli,singrauli,2.73,2.65,78426.0,213804.0,83.66935813123173,0.3850173218360732,0.4996022089028114,0.2142634210117263,0.3003257596659485,0.1516604734160675,True,2.65,2.63,2.17,2.6399999999999997,2.483333333333333,0.2715388247255507,0.020000000000000018,53.749159515013126,43.87316531569715,48.81116241535514,26.001639563013192,29.920198616218606,0.3805571630943588,0.3972246690668072,0.388890916080583,-0.0017497607080372846,0.004460158741714404,0.5141386302569736,0.518689231848804,0.5164139310528888,-0.016226757584476004,-0.014536421354162221,0.2143457863492294,0.2192940338830852,0.2168199101161573,-0.001133479029855472,-8.23653375031097e-05,0.3013474918102636,0.2974755853683182,0.2994115385892909,0.00012668208221738864,-0.0010217321443151128,0.1440544507058587,0.1518704224334235,0.1479624365696411,-0.0076434784279069135,0.0076060227102087985
2018,2018 - 2019,1. Madhya Pradesh,Tikamgarh,tikamgarh,2.83,2.5,269967.0,763774.0,35.87848014112593,0.4296747965719475,0.6404757721996758,0.27146516918927,0.4391586013448927,0.1526900119048783,True,2.5,2.81,1.91,2.6550000000000002,2.4066666666666667,0.45720163312627543,-0.31000000000000005,31.406702927804567,13.4846577638435,22.445680345824034,11.283462581695904,4.47177721332136,0.352301278376456,0.434550630010531,0.39342595419349347,0.056442758250331626,0.07737351819549154,0.4819177545722009,0.6237040072464353,0.5528108809093181,0.11283892507702409,0.1585580176274749,0.2206717494141028,0.2772405380455451,0.24895614372982394,0.03731484875795851,0.05079341977516719,0.3158777385831003,0.433828321226544,0.37485302990482217,0.0847464702698939,0.1232808627617924,0.1412519580100675,0.1402666172481968,0.14075928762913215,0.006849362859482039,0.011438053894810785
2018,2018 - 2019,1. Madhya Pradesh,Ujjain,ujjain,2.65,4.24,220044.0,583277.0,12.02288509399182,0.4566035549043137,0.6956176492739113,0.2823491086282218,0.462693321451991,0.2480230563023027,True,4.24,3.8,3.5,4.02,3.8466666666666662,0.37220066272554303,0.4400000000000004,10.092257590804904,5.578563202141811,7.835410396473357,4.127028559827858,1.9306275031869156,0.4696318296831706,0.4839488007136416,0.4767903151984061,-0.0031803075346995002,-0.013028274778856874,0.7107843510286934,0.7379846667628198,0.7243845088957566,-0.004478928645108571,-0.015166701754782075,0.2873483942962977,0.3037267806686045,0.29553758748245107,0.0023513307694559282,-0.004999285668075892,0.4742303832697899,0.5032592575540986,0.4887448204119442,0.0014852486608194493,-0.0115370618177989,0.2522050403915381,0.2446874822942734,0.24844626134290576,-0.0017594468453422663,-0.004181984089235424
2018,2018 - 2019,1. Madhya Pradesh,Umaria,umaria,2.24,2.37,56053.0,125534.0,84.60350164190119,0.4451665896555068,0.5706440187967683,0.249623678305196,0.3453240719401908,0.2540667053672151,True,2.37,2.31,1.67,2.34,2.1166666666666667,0.38798625405203907,0.06000000000000005,56.9869585066527,30.819988993590822,43.90347375012176,32.925407887644546,27.61654313524849,0.4250336483822214,0.4525178835633059,0.4387757659727637,0.0028376399593565416,0.02013294127328541,0.5823944490780082,0.5971426958754704,0.5897685724767393,-0.026271461925423067,-0.011750430281239899,0.235744632440823,0.2480099807391919,0.24187730659000745,0.006567653442683341,0.013879045864372996,0.3383898720520842,0.3493323474526708,0.3438611097523775,-7.811977599359032e-06,0.006934199888106618,0.2354235415181014,0.2334772164030061,0.23445037896055376,0.008979492289702934,0.018643163849113686
2018,2018 - 2019,1. Madhya Pradesh,Vidisha,vidisha,2.61,3.9,280644.0,732061.0,28.35362785800031,0.4566307615922342,0.7012091228456367,0.2823021184504024,0.4754467609042652,0.2289324998014683,True,3.9,2.96,2.39,3.4299999999999997,3.0833333333333335,0.7625177593560252,0.94,25.60703349758247,9.625442889681958,17.616238193632213,10.27686669117065,2.7465943604178378,0.4485856180016873,0.465943511551144,0.45726456477641564,0.010624972126134002,0.008045143590546922,0.7082126463717686,0.6998177584348771,0.7040152024033228,0.004677880388647471,-0.007003523526131872,0.2763823331791387,0.2894384877942282,0.2829104104866834,0.01015361564725048,0.005919785271263689,0.4822937351160559,0.4953042291597897,0.48879898213792283,-0.0001284876409657909,-0.006846974211790702,0.2322089993357332,0.2247231186284894,0.2284660589821113,-0.0028478913418197027,-0.0032764995342648984
2019,2019 - 2020,1. Madhya Pradesh,Agar malwa,agarmalwa,4.5,2.1,126577.0,569597.0,23.409465705731144,0.4868037647172616,0.702077695015792,0.2830932945981922,0.4517653035945148,0.2753663191936423,True,2.1,4.0,3.62,3.05,3.2399999999999998,1.0053854982045445,-1.9,13.299077289364508,11.338746529466338,12.318911909415423,14.027128625105512,10.110388416366636,0.423002558960123,0.3996274247147278,0.41131499183742537,0.08948095220732999,0.0638012057571386,0.6083970522858932,0.5856533657347314,0.5970252090103123,0.12183327728749704,0.09368064272989873,0.2519656189641718,0.2281269277656478,0.2400462733649098,0.05488397612659318,0.031127675634020413,0.3988827865073121,0.361404434945369,0.38014361072634056,0.09181446639976215,0.05288251708720265,0.2538939219852617,0.2568437793525184,0.25536885066889004,0.02165365771718486,0.021472397208380622
2019,2019 - 2020,1. Madhya Pradesh,Alirajpur,alirajpur,2.3,2.31,36888.0,84879.0,7.744014489192664,0.4326582990990064,0.6011644880806618,0.2470971472884006,0.3535896016968853,0.2243117712830593,True,2.31,2.36,2.73,2.335,2.466666666666667,0.2294195574342635,-0.04999999999999982,4.265358585486899,9.055961073457908,6.6606598294724035,3.4398039077084377,3.478655903705765,0.3596664168532487,0.3728465426296383,0.3662564797414435,0.06795785097195928,0.0729918822457577,0.4835656557871514,0.5042379796881017,0.49390181773762654,0.1083287671196676,0.11759883229351042,0.2115401313097313,0.2137506482425459,0.2126453897761386,0.03665924826800204,0.03555701597866931,0.286960256408172,0.2894463627090541,0.28820330955861306,0.06753988396240257,0.06662934528871328,0.1869955713686812,0.194653828175482,0.1908246997720816,0.03421939055127654,0.037316199914378095
2019,2019 - 2020,1. Madhya Pradesh,Anuppur,anuppur,1.62,1.77,20470.0,33100.0,174.1429853774995,0.4737024088457693,0.605839134115515,0.2660716458673788,0.3659308469630132,0.224710883355027,True,1.77,3.64,1.96,2.705,2.4566666666666666,1.0291906205039636,-1.87,100.0785345583946,68.03247717806829,84.05550586823145,100.86025546665032,74.06445081910492,0.3634565613863387,0.3742507869319956,0.36885367415916714,0.1073869793439794,0.11024584745943061,0.469883538984481,0.5393707097923152,0.5046271243883981,0.10661087159106553,0.13595559513103406,0.2062280696346207,0.2163787620257421,0.21130341583018142,0.057612863270225856,0.0598435762327581,0.2860328270469334,0.3276771868394498,0.30685500694319157,0.07048285595658521,0.07989801991607981,0.1710969432526556,0.1521793067353161,0.16163812499398583,0.06301848367425333,0.053613940102371416
2019,2019 - 2020,1. Madhya Pradesh,Ashoknagar,ashoknagar,3.83,3.36,211876.0,812544.0,42.23147309021045,0.4893058926415026,0.7351969691918357,0.2859504260249796,0.4782428067802236,0.2742378428335515,True,3.36,3.27,2.47,3.315,3.033333333333333,0.4899319680663155,0.08999999999999986,25.190987408116754,20.94758380586286,23.06928560698981,24.673162631289244,17.040485682093696,0.4297210508326604,0.4152896759630098,0.42250536339783507,0.07802094460852849,0.059584841808842215,0.646294793723003,0.6260565724990729,0.6361756831110379,0.11173327690279111,0.08890217546883272,0.2590524639955741,0.2508327035587317,0.2549425837771529,0.041276035990431226,0.02689796202940553,0.4251982637437562,0.4067978293863585,0.41599804656505734,0.07501808975720975,0.053044543036467384,0.2382722446006628,0.2312001259865252,0.234736185293594,0.03882559213211351,0.035965598232888724
2019,2019 - 2020,1. Madhya Pradesh,Balaghat,balaghat,1.65,1.32,76811.0,126585.0,137.13711510591912,0.5865172777760268,0.7108429569337714,0.3124593604964661,0.4138212457731547,0.3096316589974321,True,1.32,2.49,1.83,1.9050000000000002,1.8800000000000001,0.5866003750424987,-1.1700000000000002,88.28333183841846,77.1409505104334,82.71214117442594,64.02047203004344,48.85378326750066,0.4998180327526098,0.4942776141645686,0.4970478234585892,0.09071737902075078,0.08669924502341703,0.6138411417063254,0.6591048595551054,0.6364730006307154,0.06971849157234966,0.097001815227446,0.2699824831069807,0.2661393691252289,0.26806092611610477,0.04576899427236736,0.04247687738948541,0.3391578698506827,0.3794974241042332,0.35932764697745795,0.05265386140614442,0.07466337592247202,0.2449461812016952,0.2264462272079454,0.2356962042048203,0.07988981923899377,0.06468547779573691
2019,2019 - 2020,1. Madhya Pradesh,Barwani,barwani,4.11,3.77,113489.0,466667.0,14.0771446526143,0.4032230380219943,0.5989952779313102,0.2195413650819714,0.3435584629851543,0.2129591483794382,True,3.77,3.55,3.58,3.66,3.6333333333333333,0.11930353445448859,0.2200000000000002,10.29777560485235,13.396542662116556,11.847159133484453,4.59025033331775,3.77936904776195,0.3189004190480988,0.3473092224720007,0.33310482076004977,0.07333114847839223,0.08432261897389548,0.4339150475922828,0.4897643874256399,0.46183971750896136,0.14179485791905955,0.16508023033902747,0.1820253962890696,0.1938249471874482,0.1879251717382589,0.03465597069091261,0.03751596879290178,0.2589413699639969,0.2847545030880509,0.2718479365260239,0.07834235442031462,0.08461709302115739,0.1693761379000765,0.1731398580718984,0.17125799798598745,0.040462801514283164,0.043583010479361695
2019,2019 - 2020,1. Madhya Pradesh,Betul,betul,2.62,3.25,264808.0,693267.0,67.443214161429,0.5091265325649116,0.7138722074360219,0.2718629890386312,0.4060103605772557,0.2443303636361829,True,3.25,2.66,2.65,2.955,2.8533333333333335,0.3435597958628648,0.5899999999999999,45.29576037424613,61.11861701668956,53.20718869546785,18.170382814141625,22.14745378718287,0.3812807297439748,0.4139421264265128,0.3976114280852438,0.11017263581078085,0.12784580282093677,0.5424963908728898,0.6205690622890474,0.5815327265809687,0.137786274534757,0.17137581656313206,0.2113205927918055,0.2244268182568048,0.21787370552430516,0.054461954337530705,0.0605423962468257,0.3080038791009379,0.3508930126521395,0.3294484458765387,0.0824434142763173,0.0980064814763178,0.1548761248253682,0.1684335828516222,0.1616548538384952,0.08196785315013272,0.08945423881081471
2019,2019 - 2020,1. Madhya Pradesh,Bhind,bhind,3.56,4.22,115475.0,411091.0,80.01364640317088,0.4967012515933041,0.7044607634990042,0.3250873071890958,0.5119749894529483,0.2072911002651572,True,4.22,4.22,4.01,4.22,4.1499999999999995,0.12124355652982138,0.0,46.73018961026872,23.47507351659505,35.102631563431885,49.924614962378875,33.283456792902165,0.4586254251190578,0.4388505664684652,0.4487379957937615,0.06062006727674957,0.03807582647424629,0.6529657389107307,0.6393209013724963,0.6461433201416136,0.06964417561658431,0.051495024588273486,0.2997633300233424,0.2900690443334122,0.2949161871783773,0.03769453861055566,0.02532397716575341,0.466149383439964,0.4539207607255737,0.46003507208276884,0.05564483624246919,0.0458256060129843,0.1635257533472048,0.1426957500054491,0.15311075167632693,0.056054554323272804,0.04376534691795242
2019,2019 - 2020,1. Madhya Pradesh,Bhopal,bhopal,3.02,3.43,141761.0,427835.0,48.1312570986358,0.5114349102695667,0.7413340935466173,0.3017042833502447,0.4922799871814308,0.2535187051271244,True,3.43,2.92,3.46,3.175,3.2699999999999996,0.30347981810987046,0.5100000000000002,24.330613322186064,21.05411138980009,22.692362355993076,31.106238035996604,23.800643776449736,0.4379664449106488,0.4416599237187947,0.4398131843147217,0.08089241314486784,0.07346846535891788,0.6505928941126335,0.6601109709260523,0.6553519325193429,0.09574368081203644,0.09074119943398373,0.2685197413534724,0.2657039612821139,0.26711185131779314,0.04449373191946976,0.03318454199677229,0.4380376015529607,0.4368955315217438,0.4374665665373523,0.06812354431301776,0.05424238562847011,0.2091281013697614,0.2138754023962385,0.21150175188299997,0.042091521943741106,0.04439060375736298
2019,2019 - 2020,1. Madhya Pradesh,Burhanpur,burhanpur,3.6,2.96,17743.0,63857.0,36.037343566921294,0.4843301247676881,0.7081536560719667,0.2674122097636354,0.4192841776934622,0.224081178100907,True,2.96,3.5,3.0,3.23,3.1533333333333338,0.3008875759039136,-0.54,30.121254634925844,31.762933720877065,30.942094177901453,10.959727392417875,5.91608893199545,0.3703953151116157,0.4001963324509633,0.3852958237812895,0.10239173088286613,0.11393480965607239,0.5251962366571946,0.5891386153709801,0.5571674260140873,0.1630860698689396,0.18295741941477206,0.2172674576905263,0.2287568362623373,0.2230121469764318,0.05061823344338845,0.05014475207310909,0.311165415836427,0.3447151295630596,0.3279402726997433,0.10421948328609049,0.10811876185703523,0.1711651381597795,0.1768031253776486,0.17398413176871405,0.049876431546320155,0.05291603994112751
2019,2019 - 2020,1. Madhya Pradesh,Chhatarpur,chhatarpur,2.66,2.92,351196.0,934533.0,66.93227508809686,0.4849017980037923,0.7039629503191117,0.2891829147521403,0.4716952621582453,0.2261874818752523,True,2.92,2.42,2.85,2.67,2.73,0.2707397274136177,0.5,44.92288731225311,35.81302219238249,40.3679547523178,33.610097169052096,22.00938777584375,0.3991828654773817,0.3671271890930613,0.3831550272852215,0.10035870639222494,0.08571893252641061,0.5641022964194955,0.5093192593936522,0.5367107779065738,0.16143124517945684,0.13986065389961622,0.2436228553616762,0.2208881191620247,0.23225548726185044,0.058169096423381195,0.04556005939046412,0.3704587340113547,0.3206021733125761,0.34553045366196544,0.12385305180070777,0.1012365281468906,0.1824632995297394,0.1743076414159814,0.1783854704728604,0.04448478301561151,0.043724182345512924
2019,2019 - 2020,1. Madhya Pradesh,Chhindwara,chhindwara,5.45,3.53,287244.0,1566629.0,89.12505130840844,0.5131653197140652,0.6925768301777001,0.2733584247064332,0.4056019432215793,0.290294177440743,True,3.53,3.42,3.23,3.4749999999999996,3.393333333333333,0.15176736583776274,0.10999999999999988,68.48277934494955,79.26825818587369,73.87551876541161,21.762627947974607,20.642271963458896,0.397193133576116,0.4221593357468436,0.40967623466147984,0.10477101707712722,0.11597218613794918,0.5469765430240477,0.6162321947891861,0.5816043689066169,0.11265070302152103,0.14560028715365236,0.2184283596844353,0.2283130064373573,0.2233706830608963,0.05036113834836817,0.054930065021997876,0.3195489972054849,0.3530297575739022,0.33628937738969356,0.07402918589841845,0.08605294601609437,0.2105709096619986,0.2155235312082635,0.21304722043513105,0.07459836975302461,0.07972326777874439
2019,2019 - 2020,1. Madhya Pradesh,Damoh,damoh,2.44,2.56,167411.0,408650.0,81.65696984968385,0.4644316955292233,0.6867926051418638,0.2677585138244703,0.4461800743224152,0.2629209195673467,True,2.56,3.5,3.51,3.0300000000000002,3.19,0.5456189146281495,-0.94,58.2311684598734,50.077209417871536,54.154188938872466,36.73377612566631,23.425801389810445,0.4029069759269464,0.4034594132015718,0.4031831945642591,0.0635920806003823,0.0615247196022769,0.5789502382933449,0.6022743221846467,0.5906122802389958,0.10015027645075736,0.10784236684851889,0.2468036336453776,0.2400887700305131,0.24344620183794535,0.029581472488589333,0.020954880179092694,0.3894626754661109,0.3856272183657736,0.38754494691594227,0.0680009818483524,0.05671739885630428,0.2271632792152478,0.2297332797381458,0.2284482794766968,0.02988351284401916,0.03575764035209891
2019,2019 - 2020,1. Madhya Pradesh,Datia,datia,3.41,3.32,191215.0,651661.0,70.75469033437571,0.4842421151562247,0.7308419029184411,0.2958619044690402,0.5069814995182675,0.1911291506675203,True,3.32,3.3,3.38,3.3099999999999996,3.3333333333333335,0.041633319989322695,0.020000000000000018,36.652919850605805,21.736976395992777,29.19494812329929,46.098266632499076,34.101770483769904,0.4600283204261771,0.4419836458316998,0.45100598312893847,0.041541372795838416,0.02421379473004759,0.7130036156530541,0.6703054509722601,0.6916545333126571,0.04886899594230665,0.017838287265386943,0.2860145789508534,0.2785945587610988,0.2823045688559761,0.01679490380512466,0.00984732551818679,0.510821696113567,0.4817696355739224,0.4962956658437447,0.01866832802528262,-0.003840196595299439,0.1496530816004341,0.1309993881963002,0.14032623489836715,0.052594450194030334,0.041476069067086174
2019,2019 - 2020,1. Madhya Pradesh,Dewas,dewas,4.36,2.38,304846.0,1330043.0,29.015098581668628,0.5146965030751339,0.7590269215379143,0.3046337918664006,0.4999339344732467,0.2418543857779125,True,2.38,4.1,3.69,3.2399999999999998,3.39,0.8983874442577655,-1.7199999999999998,13.22958811619975,16.820521688486796,15.025054902343273,16.999971006302545,15.785510465468878,0.4037122513705118,0.4221097744837441,0.41291101292712795,0.09527854724493051,0.11098425170462212,0.6140286805662671,0.6503061733748767,0.6321674269705719,0.11661585708835753,0.14499824097164715,0.2425454016845564,0.2452367990601803,0.24389110037236836,0.05986196039422348,0.0620883901818442,0.3899178663156771,0.4104972409489099,0.4002075536322935,0.09682173450262715,0.11001606815756959,0.2070227674829252,0.2083964508560607,0.20770960916949294,0.033590246002425994,0.03483161829498729
2019,2019 - 2020,1. Madhya Pradesh,Dhar,dhar,3.6,3.46,364792.0,1314710.0,8.604615918124559,0.4602845766585782,0.6814718007177755,0.2654068418250097,0.4349500375020951,0.2315319259105595,True,3.46,3.48,3.34,3.4699999999999998,3.4266666666666663,0.07571877794400372,-0.020000000000000018,4.882708207418891,6.935389537695894,5.909048872557392,4.581827614708995,3.7219077107056675,0.3805463649880382,0.3943265115205389,0.38743643825428853,0.07121359897303475,0.07973821167054002,0.5665901903958522,0.585146659487953,0.5758684249419026,0.10408307656854221,0.11488161032192323,0.2269014452431979,0.2337469542229923,0.2303241997330951,0.035970170002595836,0.03850539658181176,0.3614144064668703,0.3753587275725664,0.36838656701971834,0.07093723887178327,0.07353563103522481,0.2020998315467445,0.2062497799115015,0.204174805729123,0.027510148200414947,0.029432094363814998
2019,2019 - 2020,1. Madhya Pradesh,Dindori,dindori,1.58,1.03,52521.0,83036.0,155.47974719423866,0.5330167077272415,0.664038590121326,0.2687168950695209,0.3688081327704454,0.2538036651337911,True,1.03,2.43,2.2,1.73,1.8866666666666667,0.7507551753623372,-1.4000000000000001,102.9000969153108,79.71954363725254,91.30982027628167,78.35088826304053,52.57965027892786,0.4346375064760837,0.4345420315755108,0.43458976902579727,0.09429770718020736,0.09837920125115784,0.5332369271784051,0.5861649462309857,0.5597009367046955,0.08936746115704519,0.13080166294292095,0.2193590697874985,0.2242437183484538,0.22180139406797617,0.04643706076524057,0.0493578252820224,0.2856890117264445,0.3184612714248321,0.3020751415756383,0.06078550894468676,0.08311912104400088,0.1903797511034481,0.1684170298156703,0.1793983904595592,0.0753755867076383,0.063423914030343
2019,2019 - 2020,1. Madhya Pradesh,Guna,guna,3.96,3.94,211207.0,835957.0,40.05527138685057,0.4963901070551405,0.7246398992933657,0.2882513981798016,0.4744853354127124,0.2415910819854986,True,3.94,3.71,3.83,3.825,3.8266666666666667,0.11503622617824931,0.22999999999999998,21.91856748963758,17.014325332580395,19.46644641110899,25.58189077374368,18.13670389721299,0.4321886338925124,0.3980171792892173,0.41510290659086485,0.09376118156932423,0.06420147316262809,0.6401029140118716,0.5817714916464389,0.6109372028291553,0.1250067936012761,0.08453698528149411,0.2658941117322991,0.2367322753418127,0.2513131935370559,0.0507367494303686,0.02235728644750251,0.4414500295214733,0.3772534329074472,0.4093517312144602,0.08792375565369998,0.0330353058912391,0.2105241264909045,0.2048575248309046,0.20769082566090455,0.033524828671145146,0.031066955494594123
2019,2019 - 2020,1. Madhya Pradesh,Gwalior,gwalior,4.32,3.71,151825.0,655884.0,56.35356245884026,0.4534948390059756,0.6468824136310408,0.2713021263829964,0.4398541484373251,0.1944016713497126,True,3.71,3.8,4.01,3.755,3.84,0.15394804318340644,-0.08999999999999986,33.1353315298439,16.7600088682794,24.94767019906165,34.767150427231634,23.218230928996356,0.409554168081347,0.3639987301279273,0.38677644910463715,0.07440213223915365,0.04394067092462861,0.5907430077664472,0.5226533924958584,0.5566982001311528,0.09655194010326007,0.05613940586459365,0.2517013986489666,0.2280995797197041,0.23990048918433537,0.03812847577336784,0.019600727734029766,0.40787794961003,0.3533622993559633,0.38062012448299665,0.06767210902805171,0.03197619882729513,0.1522145770154885,0.1354377190938926,0.14382614805469054,0.05217670874095223,0.0421870943342241
2019,2019 - 2020,1. Madhya Pradesh,Harda,harda,3.51,4.36,162065.0,568686.0,44.92614782575926,0.5458995733118096,0.8092491824203067,0.3359950961527309,0.5820408132306041,0.2663707665356596,True,4.36,3.98,4.3,4.17,4.213333333333334,0.20428737928059423,0.38000000000000034,22.419673950539668,28.150555694591542,25.285114822565603,20.74459780990734,22.50647387521959,0.4850464548809052,0.4829415056493347,0.48399398026511997,0.06172307818245942,0.06085311843090441,0.7448731337824431,0.7548503750953074,0.7498617544388753,0.06549233996060977,0.06437604863786361,0.3133084804183527,0.3004961474869355,0.3069023139526441,0.03549229965490702,0.02268661573437819,0.5487229984147606,0.5293369154276577,0.5390299569212091,0.05435519929614774,0.033317814815843505,0.2245799802203829,0.228423272709102,0.22650162646474245,0.03953824056964167,0.04179078631527672
2019,2019 - 2020,1. Madhya Pradesh,Hoshangabad,hoshangabad,4.72,4.47,308308.0,1455214.0,62.916161203229066,0.5481059594355775,0.788966684012344,0.3200235382343087,0.5234682533955005,0.2718869582236584,True,4.47,4.31,4.5,4.39,4.426666666666667,0.10214368964029724,0.16000000000000014,42.44147778488185,47.75102402306582,45.09625090397383,21.679743457930364,20.47468341834722,0.4931431250038662,0.4985451763702356,0.4958441506870509,0.048717409843108905,0.054962834431711294,0.7342680903013724,0.74669100816209,0.7404795492317312,0.04651781908410302,0.05469859371097163,0.298563580918764,0.2933153042897209,0.29593944260424243,0.023724701918473035,0.021459957315544675,0.5058705041213315,0.5061650933980776,0.5060177987597045,0.021000481302255958,0.017597749274169017,0.2217679525611582,0.2312104813570027,0.22648921695908045,0.04496679131869813,0.05011900566250019
2019,2019 - 2020,1. Madhya Pradesh,Indore,indore,5.15,4.13,187273.0,964269.0,19.30918556530364,0.5092412306631731,0.7539506422907167,0.3075919746646998,0.5081645861837389,0.2586961390966948,True,4.13,4.21,4.31,4.17,4.216666666666666,0.09018499505645773,-0.08000000000000007,8.34800782841317,10.873395102361853,9.61070146538751,12.066182184211895,10.96117773689047,0.4312548800213407,0.4383892917588392,0.43482208589008997,0.07492257963782545,0.07798635064183235,0.6596374956581715,0.6712869596212554,0.6654622276397135,0.08553160170072283,0.0943131466325452,0.2639432956432106,0.2642999090877063,0.26412160236545845,0.04537544541884858,0.04364867902148917,0.4296308295397061,0.4454952356010345,0.4375630325703703,0.071415003563294,0.07853375664403284,0.2273907577060288,0.2296088969651296,0.2284998273355792,0.02978145271949384,0.03130538139066602
2019,2019 - 2020,1. Madhya Pradesh,Jabalpur,jabalpur,4.32,3.97,219428.0,947929.0,87.55860799284113,0.512978648485765,0.7084924646655728,0.2879462786565612,0.4449392875699262,0.2807710467304237,True,3.97,3.78,3.73,3.875,3.8266666666666667,0.12662279942148402,0.1900000000000004,59.8518467873305,52.79028709369339,56.32106694051194,37.25995645836957,27.70676120551063,0.4518225068527197,0.4378248046645618,0.44482365575864075,0.0629572033855394,0.061156141633045336,0.6267035124067224,0.6311895193229676,0.6289465158648451,0.07137915121776806,0.08178895225885041,0.2601644125994333,0.249327772021549,0.25474609231049117,0.03298344701930811,0.027781866057127902,0.4092082396408975,0.400907832633218,0.4050580361370577,0.04461048014582086,0.0357310479290287,0.2570664475498478,0.2486128698337357,0.25283965869179176,0.025140547761618837,0.02370459918057588
2019,2019 - 2020,1. Madhya Pradesh,Jhabua,jhabua,2.84,2.72,73534.0,209204.0,4.2487046692653125,0.4133561204276686,0.5965458612364446,0.231398699175282,0.3574402840772114,0.2429199743756535,True,2.72,2.97,3.19,2.845,2.9600000000000004,0.23515952032609683,-0.25,3.874157542188731,6.035802433132187,4.954979987660459,1.4300788775650033,0.37454712707658144,0.3501778473961869,0.3536848303772453,0.3519313388867161,0.0716008440015663,0.06317827303148171,0.4912265008259771,0.494510522971649,0.49286851189881303,0.11735784954606054,0.10531936041046752,0.199185100711789,0.2019315608326944,0.2005583307722417,0.03923064216460534,0.032213598463493004,0.2864534477082143,0.2907871619588484,0.28862030483353135,0.08064909410152732,0.07098683636899711,0.2188593693186131,0.2278493959143131,0.22335438261646312,0.021299779783166467,0.024060605057040385
2019,2019 - 2020,1. Madhya Pradesh,Katni,katni,3.47,3.31,194702.0,674837.0,101.46213746931612,0.5088430148149364,0.7135228814420592,0.2937705612285863,0.4620932468068339,0.2794463148381583,True,3.31,3.02,3.19,3.165,3.1733333333333333,0.1457166199626293,0.29000000000000004,76.27417119330573,50.75135125939483,63.51276122635028,48.87108871277523,25.187966276010386,0.430519610472392,0.422407843627943,0.4264637270501675,0.08020611424751689,0.07832340434254442,0.6087582498666535,0.603906170863114,0.6063322103648838,0.10267553835736276,0.10476463157540572,0.251808814863113,0.2466962624539349,0.24925253865852395,0.04624482811376612,0.041961746365473285,0.3955051518797562,0.3764141078248618,0.385959629852309,0.079563114593729,0.06658809492707768,0.2474205666836426,0.2367533607050943,0.24208696369436844,0.03333989507313581,0.0320257481545157
2019,2019 - 2020,1. Madhya Pradesh,Khandwa,khandwa,3.2,2.94,216164.0,692589.0,39.46199291492383,0.4272370504773139,0.6548448820968956,0.2287224141488628,0.377773244886022,0.2626342267151368,True,2.94,3.75,3.96,3.3449999999999998,3.5499999999999994,0.5386093203798092,-0.81,20.66331286414377,23.37847696192264,22.020894913033203,20.36112382981688,18.798680050780064,0.343470381419357,0.3581206803367873,0.35079553087807214,0.0830328413400287,0.08376666905795693,0.5312280730373107,0.5519104819308103,0.5415692774840605,0.1255087073681258,0.12361680905958494,0.1975651622834949,0.1977381627435632,0.19765166251352906,0.03953261031313976,0.031157251865367885,0.3181506278618441,0.3197938278603142,0.31897222786107915,0.07345155831784028,0.05962261702417787,0.2171451274905423,0.2199541631529144,0.21854964532172835,0.043607861685202476,0.045489099224594515
2019,2019 - 2020,1. Madhya Pradesh,Khargone,khargone,4.1,3.89,281989.0,1157283.0,22.992307171799144,0.4552249745607831,0.6787969655544781,0.2591725252102863,0.4064835543979413,0.2572644732343699,True,3.89,3.8,4.14,3.8449999999999998,3.943333333333333,0.1761628034896507,0.0900000000000003,14.958210294924092,15.332754224335964,15.145482259630029,11.796786842185329,8.034096876875052,0.3646574074167802,0.385305822110412,0.3749816147635961,0.08491583275915898,0.09056756714400288,0.5256365979303131,0.572501756569851,0.5490691772500821,0.13865810459038486,0.15316036762416496,0.2132732696329882,0.2178190792677597,0.21554617445037394,0.04861470093809081,0.04589925557729807,0.334074200163012,0.3502588313218289,0.3421665157424204,0.07833593339737982,0.07240935423492934,0.2199991354257532,0.2222314403212117,0.22111528787348245,0.0350007323380673,0.03726533780861671
2019,2019 - 2020,1. Madhya Pradesh,Mandla,mandla,1.95,2.31,82291.0,160056.0,137.39882495688525,0.5073015427657606,0.6622022652004574,0.2543496420693574,0.3684899531035742,0.3062152874701522,True,2.31,2.64,3.31,2.475,2.7533333333333334,0.5095422782589619,-0.33000000000000007,92.4557268982004,81.24724261069159,86.85148475444599,61.26928782711536,44.94309805868485,0.4132003981487224,0.4115531791562146,0.4123767886524685,0.08770793360544377,0.09410114461703817,0.5397973692085922,0.5706274667221496,0.5552124179653709,0.08883566712849611,0.12240489599186521,0.2135620431272943,0.21383447227283,0.21369825770006215,0.039303411004521394,0.0407875989420631,0.2949058961737698,0.3140683185021863,0.304487107337978,0.05685899714937126,0.07358405692980441,0.2594353864109456,0.241822126413113,0.2506287564120293,0.05599322022636882,0.0467799010592066
2019,2019 - 2020,1. Madhya Pradesh,Mandsaur,mandsaur,5.62,4.3,238130.0,1338767.0,23.31475591293575,0.4404715565764566,0.6670485693140386,0.2514482110912011,0.4267979420675231,0.2399003431954858,True,4.3,4.24,4.31,4.27,4.283333333333332,0.03785938897200153,0.05999999999999961,17.428317359655285,21.155984736721603,19.292151048188444,7.917142292100664,5.886438553280463,0.4301386978695748,0.3931895598367372,0.411664128853156,0.04999444493373911,0.010332858706881776,0.6360271857789956,0.5926052151394862,0.6143162004592408,0.08456332676626399,0.031021383535042912,0.2625337951587292,0.2295987414371753,0.24606626829795225,0.021605918984108713,-0.011085584067528131,0.4199876458443649,0.3649501439470461,0.39246889489570547,0.0616554449506308,0.006810296223158208,0.2236475087235902,0.229229998908482,0.22643875381603612,0.015216649038188701,0.0162528344718956
2019,2019 - 2020,1. Madhya Pradesh,Morena,morena,3.58,4.05,123768.0,442842.0,61.73569232671074,0.4591441223335071,0.6352931058342777,0.2925247263882386,0.446179208967269,0.2017411955732455,True,4.05,4.26,3.91,4.154999999999999,4.073333333333333,0.17616280348965066,-0.20999999999999996,40.504066865118766,21.87064153953161,31.18735420232519,36.11583068261499,21.231625461591975,0.4218612751914448,0.3904535072878268,0.4061573912396358,0.06025936330098042,0.037282847142062314,0.5884517254927208,0.5461108012004858,0.5672812633466033,0.07156554036170615,0.046841380341556826,0.2764556666450935,0.2585054175888885,0.267480542116991,0.03281113041776357,0.016069059743145098,0.4282795619709492,0.3925352235967689,0.41040739278385907,0.04435349791286497,0.017899646996319796,0.1571287170877984,0.1366761386031123,0.14690242784545537,0.05650596979245223,0.04461247848544708
2019,2019 - 2020,1. Madhya Pradesh,Narsinghpur,narsinghpur,4.86,3.66,145047.0,705509.0,77.85628173593062,0.5155141685018577,0.6900392229606471,0.2867600512327877,0.4184319932703023,0.2853983731764331,True,3.66,3.49,4.04,3.575,3.7300000000000004,0.28160255680657437,0.16999999999999993,53.47007279478395,60.85918496626402,57.164628880523985,25.462548515783908,24.38620894114667,0.4560027174574589,0.4586253316275531,0.457314024542506,0.05361475498926915,0.05951145104439881,0.6190105322674663,0.6318924608022516,0.625451496534859,0.05956112625295029,0.07102869069318085,0.2604744918524108,0.2563353685765946,0.2584049302145027,0.02795014260917339,0.02628555938037691,0.385798744497918,0.3842284298116746,0.3850135871547963,0.03501884888983425,0.03263324877238427,0.2503554225322958,0.2526425577621082,0.251498990147202,0.03135202142212806,0.03504295064413726
2019,2019 - 2020,1. Madhya Pradesh,Neemuch,neemuch,4.74,4.19,103768.0,492068.0,17.411699097343597,0.4289144924547506,0.6255328462695823,0.2459413965900918,0.3910212853260044,0.1848648849328268,True,4.19,3.91,3.28,4.050000000000001,3.7933333333333334,0.46608296829355783,0.28000000000000025,14.66213909911107,14.597344749379907,14.629741924245488,6.087815676943773,2.7495599982325274,0.3966107508110309,0.3705276482029245,0.3835691995069777,0.06003848699818337,0.032303741643719686,0.561220773545851,0.530148276787107,0.545684525166479,0.10686084519952743,0.0643120727237313,0.2423094574141155,0.2189570151751653,0.2306332362946404,0.02591128967459344,0.00363193917597629,0.359709950868977,0.3251717391750073,0.3424408450219921,0.0685588368734375,0.031311334457027384,0.163188189480316,0.1654440530377871,0.16431612125905154,0.021480155826208325,0.021676695452510802
2019,2019 - 2020,1. Madhya Pradesh,Niwari,niwari,3.15,,77809.0,245332.0,61.74751400182328,0.4867584137557051,0.7265571322720851,0.2997754052101938,0.4995418807729321,0.2005836651321955,True,,,,,,,,,,,,,,,,,,,,,,,,,,,,,,,,,,,,,
2019,2019 - 2020,1. Madhya Pradesh,Panna,panna,2.47,2.71,146314.0,360957.0,85.77864869827292,0.4662422621303246,0.6743587746260296,0.2623270588373467,0.4234296535373232,0.203299984029455,True,2.71,2.71,3.06,2.71,2.8266666666666667,0.20207259421636906,0.0,58.0363495236557,46.58796376476445,52.31215664421008,41.462316776202314,27.742299174617216,0.3829631545186844,0.3826487420022653,0.38280594826047487,0.0843622590522437,0.0832791076116402,0.5382500548178687,0.5501865029098139,0.5442182788638412,0.1262395094747143,0.13610871980816086,0.2242259581340994,0.2250269949706249,0.22462647655236215,0.042140368796677596,0.03810110070324729,0.342254479054077,0.3439351571889116,0.34309481812149434,0.0857690828873664,0.08117517448324618,0.146810958968336,0.1384717548017334,0.1426413568850347,0.05530497034418205,0.056489025061119025
2019,2019 - 2020,1. Madhya Pradesh,Raisen,raisen,4.07,3.19,286929.0,1168662.0,59.24320356379528,0.5015350974766634,0.7382552490270106,0.2856464554822384,0.4658633447454235,0.2379620168924613,True,3.19,3.28,3.27,3.235,3.2466666666666666,0.04932882862316244,-0.08999999999999986,33.58736649106062,32.85210163304923,33.219734062054926,30.509894329345997,25.655837072734656,0.4280808139843743,0.4331453279402955,0.4306130709623349,0.06956510180633307,0.07345428349228905,0.6392475406364366,0.6639844948645596,0.6516160177504982,0.09068428662937322,0.09900770839057393,0.2543485676181315,0.2519732923647984,0.25316092999146494,0.032966027281951193,0.031297887864106866,0.417092758484905,0.4279835471648726,0.4225381528248888,0.04917713981975014,0.0487705862605185,0.1977566378347153,0.2051800151873611,0.2014683265110382,0.035007695743240336,0.04020537905774599
2019,2019 - 2020,1. Madhya Pradesh,Rajgarh,rajgarh,2.86,3.52,336555.0,962884.0,35.10812165088677,0.5029347229504072,0.7330037404906302,0.2957118691469664,0.481806433154382,0.2704256374843067,True,3.52,3.49,3.55,3.505,3.5199999999999996,0.029999999999999805,0.029999999999999805,17.545930689171055,14.199837033857891,15.872883861514474,22.677418089871292,17.562190961715718,0.4236035355785095,0.3994427559380579,0.4115231457582837,0.10063804109341695,0.0793311873718977,0.630174273420986,0.6003769489318772,0.6152756111764316,0.12684905048119444,0.10282946706964424,0.2558413051330319,0.2307050270720219,0.2432731661025269,0.06369875700006103,0.03987056401393452,0.4240460148112612,0.376859511910665,0.40045276336096314,0.09858680173013579,0.05776041834312079,0.2429242662232415,0.2418944354663726,0.24240935084480705,0.028347816646489193,0.027501371261065194
2019,2019 - 2020,1. Madhya Pradesh,Ratlam,ratlam,3.62,3.05,227752.0,824462.0,10.82560585574601,0.4718625933540358,0.6927175738924696,0.2731868276318842,0.4493775824807182,0.2643428591237559,True,3.05,3.58,3.39,3.315,3.34,0.2685144316419512,-0.5300000000000002,9.093851184503771,8.921171638466166,9.00751141148497,4.3866341424521895,1.7317546712422391,0.4259169965251507,0.4210312588104276,0.42347412766778914,0.06074514005687359,0.045945596828885105,0.6274520432950251,0.618926372498432,0.6231892078967285,0.08883066574900111,0.06526553059744444,0.2569711890856864,0.2498437591632591,0.25340747412447273,0.03045822874191867,0.016215638546197786,0.4005385613997471,0.3881179660680593,0.3943282637339032,0.07289486304977982,0.0488390210809711,0.2485859210333038,0.2571891093310261,0.25288751518216496,0.013877538579004312,0.01575693809045209
2019,2019 - 2020,1. Madhya Pradesh,Rewa,rewa,3.14,3.01,334362.0,1049562.0,94.78867470697774,0.4842706025523988,0.6597351678705466,0.2897009762420148,0.4350966601986044,0.2115681532383364,True,3.01,2.88,2.87,2.945,2.92,0.07810249675906641,0.1299999999999999,66.06962258317151,41.59383125852734,53.83172692084942,50.30819079993128,28.719052123806236,0.3994834768304988,0.3923989952051446,0.3959412360178217,0.08529038253441229,0.0847871257219,0.5530991906916046,0.5446282410882957,0.5488637158899501,0.10732568578537016,0.10663597717894202,0.2415567891189632,0.2354973849260354,0.2385270870224993,0.053057473657055765,0.0481441871230516,0.3683953307208313,0.3493563414688266,0.358875836094829,0.08058669813072233,0.06670132947777307,0.1532037948107825,0.1433441286041691,0.1482739617074758,0.05836994320163941,0.058364358427553886
2019,2019 - 2020,1. Madhya Pradesh,Sagar,sagar,3.33,2.5,360758.0,1200242.0,66.53610423038087,0.4908312915899727,0.7257110650088069,0.2812217215426176,0.4621923674675036,0.2654314349243639,True,2.5,3.21,2.76,2.855,2.823333333333333,0.3592121007612819,-0.71,41.64358288928014,39.49978085760924,40.57168187344469,32.64262969683915,24.892521341100732,0.4256852666247052,0.4238520335503185,0.42476865008751186,0.07289060446349982,0.0651460249652675,0.617182127555703,0.6387502587487268,0.6279661931522149,0.11054073323935554,0.10852893745310388,0.2525868425350911,0.2470677858244097,0.2498273141797504,0.03846513325458101,0.02863487900752648,0.3962580060369049,0.4016427464389573,0.3989503762379311,0.07314376635161718,0.06593436143059866,0.2292656377022467,0.2362024318794557,0.2327340347908512,0.030321998948174778,0.036165797222117185
2019,2019 - 2020,1. Madhya Pradesh,Satna,satna,3.2,3.68,308362.0,986450.0,97.49158616206012,0.4873038870967549,0.6893098443015805,0.2870258851994799,0.4484794158611306,0.2201408063841129,True,3.68,3.43,3.61,3.555,3.5733333333333337,0.128970280814354,0.25,65.39604449116685,47.45848340995929,56.42726395056307,50.106539083259165,32.09554167089327,0.4022724004814347,0.3903941076376074,0.396333254059521,0.08711928986457013,0.08503148661532017,0.5711169714896862,0.5524475406522732,0.5617822560709798,0.1202894799197598,0.11819287281189428,0.2405294444106939,0.23306000224457,0.23679472332763196,0.05119307097672579,0.04649644078878601,0.3721687638864308,0.3541769527977342,0.36317285834208246,0.08537742373823287,0.07631065197469983,0.155774005435267,0.14509225592894,0.1504331306821035,0.06450123914426309,0.06436680094884589
2019,2019 - 2020,1. Madhya Pradesh,Sehore,sehore,3.62,3.09,338431.0,1226812.0,43.61596665541229,0.5211897179508421,0.7678051345526559,0.3138663315648931,0.5284685937336987,0.264484617692318,True,3.09,3.53,3.39,3.3099999999999996,3.3366666666666664,0.22479620400116487,-0.43999999999999995,21.53420280280281,23.21402364599519,22.374113224399,24.958557816426595,22.081763852609477,0.4365548911298251,0.4351217438529593,0.43583831749139224,0.08831496577622022,0.08463482682101703,0.6717086629917415,0.6731810006820655,0.6724448318369035,0.10371005623006302,0.09609647156091439,0.2699587276678297,0.2599605896764752,0.26495965867215243,0.05442756635941304,0.043907603897063385,0.4548096953593511,0.4402645161096011,0.44753710573447614,0.0911744228074276,0.07365889837434758,0.2244669823841605,0.2281214964575812,0.22629423942087085,0.03724899063205536,0.04001763530815752
2019,2019 - 2020,1. Madhya Pradesh,Seoni,seoni,4.32,3.09,260669.0,1125829.0,103.75193698541251,0.5014153001376094,0.6785004223158376,0.2679629698648188,0.4021759282035247,0.3098878355089014,True,3.09,2.61,2.95,2.8499999999999996,2.883333333333333,0.2468467810876483,0.48,75.44901610985264,77.01989806259931,76.23445708622597,33.79047412367403,28.302920875559877,0.4080484420202345,0.4104447969673714,0.4092466194938029,0.0939357153249194,0.09336685811737488,0.5663710828249809,0.5869104030264956,0.5766407429257383,0.09903529871269667,0.11212933949085668,0.2237755071070775,0.2258195350628143,0.22479752108494588,0.045398719758077716,0.044187462757741325,0.3386473116428176,0.3530536125938595,0.34585046211833853,0.061788942301416794,0.06352861656070713,0.2511470125038942,0.241801649762298,0.2464743311330961,0.06345287441960148,0.058740823005007214
2019,2019 - 2020,1. Madhya Pradesh,Shahdol,shahdol,2.48,2.42,64772.0,160829.0,145.59478974298707,0.4932917387505189,0.6231685233712524,0.2700182000130836,0.3651542667793538,0.2617769371081428,True,2.42,2.18,1.7,2.3,2.1,0.36660605559646725,0.23999999999999977,91.11642778161595,61.31834036059296,76.21738407110446,79.54978285326055,54.47836196137112,0.3883492580258011,0.3843945487582724,0.38637190339203675,0.10122570000518133,0.10494248072471779,0.4963618323577269,0.5344519668211422,0.5154068995894345,0.09993791158643661,0.12680669101352549,0.2158523211283026,0.2178615855326127,0.21685695333045765,0.05260531866979193,0.05416587888478097,0.2969880357467062,0.3165728913848004,0.3067804635657533,0.06242254402285635,0.06816623103264763,0.2147704372875373,0.1968777403514949,0.2058240888195161,0.053620039590345725,0.04700649982060551
2019,2019 - 2020,1. Madhya Pradesh,Shajapur,shajapur,5.39,2.82,203701.0,1097745.0,35.99447765628052,0.5345645834099716,0.7743765573353808,0.3258732691336297,0.5308513387660068,0.2775990598103715,True,2.82,3.6,3.35,3.21,3.2566666666666664,0.3982880029995047,-0.7800000000000002,19.228338180121963,17.05115994936827,18.139749064745118,21.227342905451863,16.76613947615856,0.4478807060792773,0.4373056498302079,0.4425931779547426,0.09756352389888784,0.08668387733069427,0.6793369674293762,0.6688883709350271,0.6741126691822017,0.10356822386648457,0.09503958990600458,0.2753392660853183,0.2591908945471921,0.2672650803162552,0.06742675384124219,0.050534003048311404,0.4608657712837613,0.4342484110954653,0.4475570911896133,0.09757088616676202,0.06998556748224544,0.2460256091839208,0.2468967041092174,0.2464611566465691,0.030338413801851982,0.03157345062645067
2019,2019 - 2020,1. Madhya Pradesh,Sheopur,sheopur,4.5,4.32,120508.0,541804.0,30.13892318912341,0.4352869871099692,0.6367304633518879,0.2465214288682996,0.3943461981509815,0.1996575710120922,True,4.32,3.94,4.11,4.13,4.123333333333334,0.19035055380358998,0.38000000000000034,25.82876249343268,13.234364409234509,19.531563451333597,15.81144370899576,4.31016069569073,0.4053977100635145,0.3362565576948886,0.3708271338792015,0.06987859263761248,0.02988927704645472,0.5785849852116588,0.4502961887612346,0.5144405869864467,0.12091955038558755,0.05814547814022908,0.2388030152620898,0.2005505271156259,0.21967677118885787,0.03184678990838488,0.007718413606209812,0.3672539370936979,0.2867278572359749,0.3269908971648364,0.07022060306832267,0.027092261057283573,0.1703051216473598,0.1615304991915988,0.16591781041947928,0.03352202174140556,0.029352449364732386
2019,2019 - 2020,1. Madhya Pradesh,Shivpuri,shivpuri,2.73,3.1,311478.0,850958.0,41.69145985474404,0.4604595241361989,0.6628738150203838,0.26658439983485,0.4272656485529004,0.2238948623169219,True,3.1,2.82,3.11,2.96,3.01,0.16462077633154334,0.28000000000000025,26.12096966205231,17.272014853553742,21.696492257803026,25.24497079428946,15.570490192691729,0.4056887537687625,0.3557582394679139,0.3807234966183382,0.08945757650758862,0.05477077036743638,0.5815913547064865,0.49967732575683,0.5406343402316582,0.13200974552745415,0.0812824603138973,0.2443095637479775,0.2152984568341779,0.2298040102910777,0.045037041210042844,0.0222748360868725,0.3798298910888821,0.3167875854250496,0.34830873825696584,0.09093901307656327,0.04743575746401829,0.1852846611469536,0.1728388083790936,0.17906173476302362,0.04559408333506368,0.0386102011699683
2019,2019 - 2020,1. Madhya Pradesh,Sidhi,sidhi,2.37,3.03,118696.0,281784.0,112.74151595346352,0.5436510326471518,0.675938302667173,0.3063778946310317,0.4106486730614063,0.2635551745175198,True,3.03,2.59,2.87,2.8099999999999996,2.8299999999999996,0.22271057451320087,0.43999999999999995,72.96431049244053,44.84975314266375,58.90703181755214,59.30233176673569,39.77720546102299,0.4572744229479037,0.4407947115150463,0.449034567231475,0.09006931525514938,0.08637660969924804,0.5792514573634263,0.5765961855205711,0.5779238214419987,0.08925685471504208,0.09668684530374672,0.2589514512679954,0.2539310845762763,0.25644126792213584,0.05109620424947037,0.04742644336303631,0.3530365469411149,0.3500353449619505,0.3515359459515327,0.06077386787465411,0.057612126120291374,0.2131291238182676,0.2018507328065314,0.20748992831239949,0.04766609264868499,0.05042605069925221
2019,2019 - 2020,1. Madhya Pradesh,Singrauli,singrauli,4.83,2.73,94045.0,454143.0,140.43394086225112,0.4800406294324926,0.5987031268083128,0.2675370573333887,0.3619638800318072,0.2084978655965724,True,2.73,2.65,2.63,2.69,2.67,0.05291502622129186,0.08000000000000007,83.66935813123173,53.749159515013126,68.70925882312243,76.26581240327928,56.76458273101939,0.3850173218360732,0.3805571630943588,0.382787242465216,0.0937109870653915,0.09502330759641942,0.4996022089028114,0.5141386302569736,0.5068704195798925,0.08693084971714449,0.09910091790550146,0.2142634210117263,0.2143457863492294,0.21430460368047785,0.05242352704927078,0.053273636321662377,0.3003257596659485,0.3013474918102636,0.30083662573810604,0.06173313192752172,0.061638120365858695,0.1516604734160675,0.1440544507058587,0.14785746206096312,0.05110478335957469,0.0568373921805049
2019,2019 - 2020,1. Madhya Pradesh,Tikamgarh,tikamgarh,3.07,2.83,213491.0,654563.0,61.74751400182328,0.4867584137557051,0.7265571322720851,0.2997754052101938,0.4995418807729321,0.2005836651321955,True,2.83,2.5,2.81,2.665,2.7133333333333334,0.1850225211517056,0.33000000000000007,35.87848014112593,31.406702927804567,33.64259153446525,34.331630796969286,25.869033860697357,0.4296747965719475,0.352301278376456,0.39098803747420174,0.09941568587150629,0.057083617183757596,0.6404757721996758,0.4819177545722009,0.5611967633859383,0.17071055388017742,0.0860813600724093,0.27146516918927,0.2206717494141028,0.24606845930168642,0.056296372589392685,0.028310236020923807,0.4391586013448927,0.3158777385831003,0.3775181699639965,0.12394313213045977,0.060383279428039394,0.1526900119048783,0.1412519580100675,0.1469709849574729,0.05303067537192874,0.0478936532273172
2019,2019 - 2020,1. Madhya Pradesh,Ujjain,ujjain,4.32,2.65,408353.0,1765718.0,24.67275391141125,0.5434548798134542,0.7940946588764664,0.3314614336163874,0.5504018139942798,0.267256640505097,True,2.65,4.24,3.8,3.4450000000000003,3.563333333333334,0.8209953308840029,-1.5900000000000003,12.02288509399182,10.092257590804904,11.057571342398361,15.745140237290324,12.64986881741943,0.4566035549043137,0.4696318296831706,0.4631176922937421,0.0844660942581158,0.08685132490914049,0.6956176492739113,0.7107843510286934,0.7032010001513024,0.09511781311872369,0.09847700960255501,0.2823491086282218,0.2873483942962977,0.28484875146225974,0.050875823065257564,0.04911232498816559,0.462693321451991,0.4742303832697899,0.46846185236089044,0.08882242903790338,0.0877084925422888,0.2480230563023027,0.2522050403915381,0.2501140483469204,0.0179139990687876,0.019233584202794307
2019,2019 - 2020,1. Madhya Pradesh,Umaria,umaria,1.97,2.24,75311.0,148212.0,120.03270687485885,0.5339240704357725,0.6851077663273476,0.2913104077425841,0.4157952462293546,0.2862478000934988,True,2.24,2.37,2.31,2.305,2.3066666666666666,0.06506407098647705,-0.1299999999999999,84.60350164190119,56.9869585066527,70.79523007427694,60.12326114869107,35.429205232957656,0.4451665896555068,0.4250336483822214,0.43510011901886414,0.09088571074978302,0.08875748078026569,0.5706440187967683,0.5823944490780082,0.5765192339373882,0.09476015108651203,0.11446374753057931,0.249623678305196,0.235744632440823,0.2426841553730095,0.046612469519400596,0.041686729437388104,0.3453240719401908,0.3383898720520842,0.3418569719961375,0.07046531530596423,0.07047117428916377,0.2540667053672151,0.2354235415181014,0.24474512344265825,0.038915713943560915,0.03218109472628372
2019,2019 - 2020,1. Madhya Pradesh,Vidisha,vidisha,2.92,2.61,383599.0,1120493.0,48.31658234572232,0.5214657527838766,0.7954980892234057,0.3168062282374869,0.5409984669491233,0.2705885431481598,True,2.61,3.9,2.96,3.255,3.1566666666666663,0.6671081871280949,-1.29,28.35362785800031,25.60703349758247,26.98033067779139,27.6706045061,19.96295448772201,0.4566307615922342,0.4485856180016873,0.4526081897969607,0.07280372028624293,0.06483499119164243,0.7012091228456367,0.7082126463717686,0.7047108846087027,0.09779737666925448,0.09428896637776896,0.2823021184504024,0.2763823331791387,0.27934222581477053,0.042119321522522346,0.034504109787084514,0.4754467609042652,0.4822937351160559,0.47887024801016054,0.0654553403141338,0.06555170604485816,0.2289324998014683,0.2322089993357332,0.23057074956860074,0.039520124840326715,0.041656043346691485
2020,2020 - 2021,1. Madhya Pradesh,Agar malwa,agarmalwa,2.23,4.5,104738.0,233252.0,14.54256442133012,0.4415496881538034,0.655701543212567,0.2588726023318051,0.4293223580615823,0.2697709350833021,True,4.5,2.1,4.0,3.3,3.533333333333333,1.2662279942148384,2.4,23.409465705731144,13.299077289364508,18.354271497547828,2.3548016156833853,-8.866901284401024,0.4868037647172616,0.423002558960123,0.4549031618386923,0.02633068520240578,-0.0452540765634582,0.702077695015792,0.6083970522858932,0.6552373736508426,0.051090470026772694,-0.04637615180322496,0.2830932945981922,0.2519656189641718,0.267529456781182,0.019686488634887395,-0.024220692266387123,0.4517653035945148,0.3988827865073121,0.4253240450509135,0.05100862758687724,-0.022442945532932468,0.2753663191936423,0.2538939219852617,0.264630120589452,0.011727542063407648,-0.005595384110340218
2020,2020 - 2021,1. Madhya Pradesh,Alirajpur,alirajpur,2.74,2.3,41323.0,113184.0,1.3942531259684128,0.404321694154808,0.5352476335847658,0.229441660899074,0.3277718637450827,0.2162252643238588,True,2.3,2.31,2.36,2.3049999999999997,2.323333333333333,0.03214550253664317,-0.010000000000000231,7.744014489192664,4.265358585486899,6.004686537339781,-3.5979182370575016,-6.3497613632242516,0.4326582990990064,0.3596664168532487,0.39616235797612753,0.02602967583336907,-0.028336604944198374,0.6011644880806618,0.4835656557871514,0.5423650719339066,0.020746159199838132,-0.06591685449589602,0.2470971472884006,0.2115401313097313,0.22931863929906593,0.01167191222507502,-0.017655486389326597,0.3535896016968853,0.286960256408172,0.32027492905252863,0.028214169218119478,-0.02581773795180259,0.2243117712830593,0.1869955713686812,0.20565367132587026,0.01928900548182072,-0.00808650695920049
2020,2020 - 2021,1. Madhya Pradesh,Anuppur,anuppur,1.58,1.62,18607.0,29325.0,69.07997317217797,0.4038517770082056,0.5146729366664801,0.2315795072471462,0.2978854426999416,0.1579345312839097,True,1.62,1.77,3.64,1.695,2.3433333333333333,1.1254480589229046,-0.1499999999999999,174.1429853774995,100.0785345583946,137.11075996794705,-24.37480783200128,-105.06301220532154,0.4737024088457693,0.3634565613863387,0.41857948511605403,0.016058951637619834,-0.06985063183756368,0.605839134115515,0.469883538984481,0.537861336549998,-0.005877500176182604,-0.09116619744903498,0.2660716458673788,0.2062280696346207,0.23614985775099975,0.011598151995948075,-0.03449213862023259,0.3659308469630132,0.2860328270469334,0.3259818370049733,-0.011659119497803405,-0.0680454042630716,0.224710883355027,0.1710969432526556,0.1979039133038413,-0.016361565131714634,-0.06677635207111732
2020,2020 - 2021,1. Madhya Pradesh,Ashoknagar,ashoknagar,3.38,3.83,197456.0,667401.0,33.96645042790507,0.4408925969249483,0.6786335414222808,0.2599959741130233,0.4438198488025647,0.2412812140049175,True,3.83,3.36,3.27,3.5949999999999998,3.4866666666666664,0.300721354967241,0.4700000000000002,42.23147309021045,25.190987408116754,33.711230249163606,11.473507442726017,-8.265022662305377,0.4893058926415026,0.4297210508326604,0.45951347173708146,0.014003459970268528,-0.04841329571655428,0.7351969691918357,0.646294793723003,0.6907458814574194,0.03282319375267806,-0.05656342776955492,0.2859504260249796,0.2590524639955741,0.27250144501027684,0.007066376880388636,-0.025954451911956333,0.4782428067802236,0.4251982637437562,0.45172053526198985,0.025591513828108925,-0.034422957977658875,0.2742378428335515,0.2382722446006628,0.25625504371710717,-0.0018961551229431939,-0.03295662882863401
2020,2020 - 2021,1. Madhya Pradesh,Balaghat,balaghat,2.71,1.65,71381.0,193514.0,69.21804095260093,0.5218850249556932,0.6537579163199285,0.2755950782346467,0.3507134523612932,0.227938446879081,True,1.65,1.32,2.49,1.4849999999999999,1.82,0.603241245274227,0.32999999999999985,137.13711510591912,88.28333183841846,112.71022347216879,-16.702696529283457,-67.91907415331819,0.5865172777760268,0.4998180327526098,0.5431676552643183,0.007941650396267042,-0.06463225282033358,0.7108429569337714,0.6138411417063254,0.6623420493200485,-0.00131024735596319,-0.0570850406138429,0.3124593604964661,0.2699824831069807,0.29122092180172343,-0.00024908684392555003,-0.036864282261819425,0.4138212457731547,0.3391578698506827,0.37648955781191873,-0.020984704286945988,-0.06310779341186151,0.3096316589974321,0.2449461812016952,0.27728892009956363,-0.017781356727156084,-0.08169321211835112
2020,2020 - 2021,1. Madhya Pradesh,Barwani,barwani,4.19,4.11,126869.0,532215.0,10.825429014045367,0.3681891404435513,0.5194553099880965,0.2000276180641725,0.3073992602009955,0.2002240164805559,True,4.11,3.77,3.55,3.9400000000000004,3.81,0.28213471959331793,0.3400000000000003,14.0771446526143,10.29777560485235,12.187460128733324,0.4204846280852692,-3.251715638568932,0.4032230380219943,0.3189004190480988,0.36106172853504653,0.023631021204270797,-0.035033897578442996,0.5989952779313102,0.4339150475922828,0.5164551627617965,0.033895918392033875,-0.07953996794321372,0.2195413650819714,0.1820253962890696,0.20078338068552049,0.008211029534931191,-0.0195137470177989,0.3435584629851543,0.2589413699639969,0.3012499164745756,0.0265146807520929,-0.036159202784158795,0.2129591483794382,0.1693761379000765,0.19116764313975734,0.019635109312544252,-0.012735131898882285
2020,2020 - 2021,1. Madhya Pradesh,Betul,betul,3.29,2.62,274631.0,902712.0,58.25312929770779,0.4299690723094548,0.6204004656259344,0.226249980487523,0.3499895886638158,0.1715832559701572,True,2.62,3.25,2.66,2.935,2.8433333333333337,0.3527510926040248,-0.6299999999999999,67.443214161429,45.29576037424613,56.36948726783756,5.346221387592095,-9.19008486372121,0.5091265325649116,0.3812807297439748,0.44520363115444317,0.008980648393167812,-0.07915746025545678,0.7138722074360219,0.5424963908728898,0.6281842991544558,0.016757277817718186,-0.09347174181008744,0.2718629890386312,0.2113205927918055,0.24159179091521837,-0.0020434450810836446,-0.0456130085511082,0.4060103605772557,0.3080038791009379,0.35700711983909683,0.009933959507613888,-0.056020771913439904,0.2443303636361829,0.1548761248253682,0.19960324423077555,-0.007172825145919548,-0.07274710766602571
2020,2020 - 2021,1. Madhya Pradesh,Bhind,bhind,3.98,3.56,119549.0,475685.0,32.680330758099785,0.4575151962614061,0.6754405437878203,0.3079918974742072,0.4901034749431966,0.1518053773420676,True,3.56,4.22,4.22,3.8899999999999997,4.0,0.38105117766515284,-0.6599999999999997,80.01364640317088,46.73018961026872,63.371918006719795,-7.393623675168001,-47.333315645071096,0.4967012515933041,0.4586254251190578,0.4776633383561809,0.009309998489501592,-0.039186055331898006,0.7044607634990042,0.6529657389107307,0.6787132512048675,0.02669512078208347,-0.02902021971118396,0.3250873071890958,0.2997633300233424,0.3124253186062191,0.01306022117355593,-0.0170954097148886,0.5119749894529483,0.466149383439964,0.48906218644645616,0.02264435448422364,-0.021871514509751666,0.2072911002651572,0.1635257533472048,0.185408426806181,-0.010642079464471405,-0.05548572292308962
2020,2020 - 2021,1. Madhya Pradesh,Bhopal,bhopal,3.43,3.02,145628.0,500087.0,35.91629680295053,0.4677805621703411,0.7063369862090223,0.2778037211198741,0.4794075604237038,0.2269360956794474,True,3.02,3.43,2.92,3.225,3.1233333333333335,0.27024680078279073,-0.41000000000000014,48.1312570986358,24.330613322186064,36.230935210410934,12.67003013311201,-12.214960295685273,0.5114349102695667,0.4379664449106488,0.4747006775901077,0.021059582416668776,-0.04365434809922558,0.7413340935466173,0.6505928941126335,0.6959634938296254,0.04159783731203415,-0.03499710733759498,0.3017042833502447,0.2685197413534724,0.28511201235185857,0.011694423305205204,-0.02390056223037057,0.4922799871814308,0.4380376015529607,0.46515879436719576,0.041626408692687245,-0.012872426757726985,0.2535187051271244,0.2091281013697614,0.2313234032484429,0.007090608107315904,-0.026582609447676986
2020,2020 - 2021,1. Madhya Pradesh,Burhanpur,burhanpur,5.49,3.6,19744.0,108454.0,24.82092929951601,0.3983881245553308,0.5683152801854077,0.2164470811939736,0.3330638228815285,0.1891783874822508,True,3.6,2.96,3.5,3.2800000000000002,3.3533333333333335,0.3442867022313429,0.6400000000000001,36.037343566921294,30.121254634925844,33.07929910092357,-2.448632353470984,-11.216414267405284,0.4843301247676881,0.3703953151116157,0.4273627199396519,-0.004028615506064426,-0.08594200021235732,0.7081536560719667,0.5251962366571946,0.6166749463645806,-0.009369519991407338,-0.139838375886559,0.2674122097636354,0.2172674576905263,0.24233983372708084,-0.010470541814951023,-0.05096512856966179,0.4192841776934622,0.311165415836427,0.36522479676494457,-0.002844768183061286,-0.08622035481193369,0.224081178100907,0.1711651381597795,0.19762315813034326,0.004998354618399925,-0.0349027906186562
2020,2020 - 2021,1. Madhya Pradesh,Chhatarpur,chhatarpur,2.58,2.66,321426.0,828315.0,42.97431921087405,0.4288827305068558,0.6326999071180914,0.2564674843770875,0.4067412777247356,0.177165529972342,True,2.66,2.92,2.42,2.79,2.6666666666666665,0.25006665778014736,-0.2599999999999998,66.93227508809686,44.92288731225311,55.927581200174984,2.9301218580188717,-23.95795587722281,0.4849017980037923,0.3991828654773817,0.442042331740587,0.024267897616843448,-0.05601906749693647,0.7039629503191117,0.5641022964194955,0.6340326233693037,0.05788195294254517,-0.07126304320102028,0.2891829147521403,0.2436228553616762,0.26640288505690823,0.013819846763652138,-0.03271543037505281,0.4716952621582453,0.3704587340113547,0.42107699808480004,0.03412845700705652,-0.06495398443350969,0.2261874818752523,0.1824632995297394,0.20432539070249583,-0.013434125490421084,-0.04902195190291031
2020,2020 - 2021,1. Madhya Pradesh,Chhindwara,chhindwara,5.28,5.45,300424.0,1586840.0,74.15578967258448,0.430239004933814,0.6076055245036864,0.2267339845139014,0.3406202391645549,0.2150144738116117,True,5.45,3.53,3.42,4.49,4.133333333333334,1.1415924550089378,1.9200000000000004,89.12505130840844,68.48277934494955,78.803915326679,2.4408407225557056,-14.969261635823969,0.5131653197140652,0.397193133576116,0.4551792266450906,0.000890498881450541,-0.0829263147802512,0.6925768301777001,0.5469765430240477,0.6197766866008739,0.005149256743203212,-0.08497130567401368,0.2733584247064332,0.2184283596844353,0.24589339219543424,-0.006335529513837257,-0.046624440192531785,0.4056019432215793,0.3195489972054849,0.3625754702135321,-0.005758355338289556,-0.06498170405702436,0.290294177440743,0.2105709096619986,0.2504325435513708,-0.015601007826711588,-0.07527970362913128
2020,2020 - 2021,1. Madhya Pradesh,Damoh,damoh,2.77,2.44,175791.0,486765.0,50.29347544858554,0.4121271956182939,0.618096825288901,0.2377275743375091,0.3912729790292388,0.2324630668280007,True,2.44,2.56,3.5,2.5,2.8333333333333335,0.5804595880277397,-0.1200000000000001,81.65696984968385,58.2311684598734,69.94406915477862,-1.9764735005652554,-31.363494401098308,0.4644316955292233,0.4029069759269464,0.43366933572808486,-0.001430835430623556,-0.05230449991092939,0.6867926051418638,0.5789502382933449,0.6328714217176044,0.011424441307643085,-0.06869577985296282,0.2677585138244703,0.2468036336453776,0.2572810737349239,-0.006365761496089778,-0.0300309394869612,0.4461800743224152,0.3894626754661109,0.4178213748942631,-0.00050630981449451,-0.05490709529317639,0.2629209195673467,0.2271632792152478,0.24504209939129723,-0.006551042464130713,-0.03045785273934601
2020,2020 - 2021,1. Madhya Pradesh,Datia,datia,3.38,3.41,180979.0,611709.0,35.93381107318677,0.4589394499215272,0.7030509200639035,0.2913284164435926,0.5004094928140971,0.130548825022944,True,3.41,3.32,3.3,3.365,3.3433333333333337,0.05859465277082333,0.0900000000000003,70.75469033437571,36.652919850605805,53.703805092490754,2.057734044810317,-34.82087926118894,0.4842421151562247,0.4600283204261771,0.4721352177912009,0.00793043300197327,-0.025302665234697486,0.7308419029184411,0.7130036156530541,0.7219227592857476,0.011304213899307802,-0.027790982854537627,0.2958619044690402,0.2860145789508534,0.2909382417099468,0.008902435018652122,-0.004533488025447618,0.5069814995182675,0.510821696113567,0.5089015978159173,0.008362655716055656,-0.006572006704170463,0.1911291506675203,0.1496530816004341,0.1703911161339772,-0.01850476548935201,-0.0605803256445763
2020,2020 - 2021,1. Madhya Pradesh,Dewas,dewas,3.41,4.36,307489.0,1048537.0,20.255829692378768,0.4642085470302861,0.7047767045647866,0.2717355890156272,0.4709525746016146,0.2257154569809562,True,4.36,2.38,4.1,3.37,3.6133333333333333,1.075980173299366,1.9800000000000004,29.015098581668628,13.22958811619975,21.122343348934187,4.840707915752173,-8.75926888928986,0.5146965030751339,0.4037122513705118,0.45920437722282287,0.02573488175109656,-0.05048795604484785,0.7590269215379143,0.6140286805662671,0.6865278010520908,0.03904246869755834,-0.05425021697312771,0.3046337918664006,0.2425454016845564,0.2735895967754785,0.014991365464605388,-0.032898202850773384,0.4999339344732467,0.3899178663156771,0.4449259003944619,0.048476027730469606,-0.028981359871632084,0.2418543857779125,0.2070227674829252,0.22443857663041883,0.010733268004984503,-0.016138928796956303
2020,2020 - 2021,1. Madhya Pradesh,Dhar,dhar,5.39,3.6,380980.0,2053482.0,3.286429287631892,0.4297657635993765,0.6408860954595373,0.252970103429509,0.4316941429804365,0.2233845070540827,True,3.6,3.46,3.48,3.5300000000000002,3.5133333333333336,0.07571877794400372,0.14000000000000012,8.604615918124559,4.882708207418891,6.743662062771724,-1.65272453872547,-5.318186630492667,0.4602845766585782,0.3805463649880382,0.4204154708233082,0.02645206611922607,-0.030518813059201677,0.6814718007177755,0.5665901903958522,0.6240309955568139,0.0426807559965956,-0.040585705258238125,0.2654068418250097,0.2269014452431979,0.2461541435341038,0.016339397606576017,-0.01243673839550069,0.4349500375020951,0.3614144064668703,0.3981822219844827,0.05349389657576803,-0.0032558945216585866,0.2315319259105595,0.2020998315467445,0.216815878728652,0.013860699703855145,-0.008147418856476796
2020,2020 - 2021,1. Madhya Pradesh,Dindori,dindori,2.32,1.58,55026.0,127660.0,72.70372668412753,0.4603058734649055,0.591295752945679,0.2341503711483157,0.3038659384835301,0.1754947726451067,True,1.58,1.03,2.43,1.3050000000000002,1.6800000000000004,0.7053367989832943,0.55,155.47974719423866,102.9000969153108,129.18992205477474,-20.095309899678696,-82.77602051011112,0.5330167077272415,0.4346375064760837,0.4838271071016626,0.002727331481829798,-0.07271083426233604,0.664038590121326,0.5332369271784051,0.5986377586498656,-0.001248868250010915,-0.072742837175647,0.2687168950695209,0.2193590697874985,0.24403798242850971,0.002583124690987232,-0.03456652392120521,0.3688081327704454,0.2856890117264445,0.32724857224844495,-0.01631378713116588,-0.06494219428691528,0.2538036651337911,0.1903797511034481,0.2220917081186196,-0.018008423122573752,-0.07830889248868439
2020,2020 - 2021,1. Madhya Pradesh,Guna,guna,4.74,3.96,185432.0,878762.0,29.422383847324355,0.4355421790175086,0.6543244542968408,0.2605889658348868,0.4381987634675857,0.214532938997039,True,3.96,3.94,3.71,3.95,3.8699999999999997,0.13892443989449804,0.020000000000000018,40.05527138685057,21.91856748963758,30.986919438244076,9.83262507946873,-10.632887539526216,0.4963901070551405,0.4321886338925124,0.46428937047382646,0.014161017217827476,-0.06084792803763189,0.7246398992933657,0.6401029140118716,0.6823714066526186,0.029689989884496004,-0.07031544499652487,0.2882513981798016,0.2658941117322991,0.2770727549560503,0.012926967199380052,-0.027662432344914833,0.4744853354127124,0.4414500295214733,0.45796768246709285,0.0340524325778333,-0.03628657194512669,0.2415910819854986,0.2105241264909045,0.22605760423820154,-0.00023828005154349907,-0.0270581429884596
2020,2020 - 2021,1. Madhya Pradesh,Gwalior,gwalior,3.94,4.32,149949.0,590499.0,30.73752777810177,0.4013108362829017,0.5865179183657525,0.2492776464641498,0.3980781864031285,0.1454037446406943,True,4.32,3.71,3.8,4.015000000000001,3.943333333333334,0.32929217016706225,0.6100000000000003,56.35356245884026,33.1353315298439,44.744446994342084,2.197685661046819,-25.616034680738487,0.4534948390059756,0.409554168081347,0.4315245035436613,0.007337703068249046,-0.052184002723073886,0.6468824136310408,0.5907430077664472,0.618812710698744,0.016877056817319658,-0.06036449526528831,0.2713021263829964,0.2517013986489666,0.2615017625159815,0.008478300699847674,-0.022024479918846596,0.4398541484373251,0.40787794961003,0.4238660490236775,0.012361725188244743,-0.041775962034196645,0.1944016713497126,0.1522145770154885,0.17330812418260055,-0.007256559716256494,-0.048997926709018286
2020,2020 - 2021,1. Madhya Pradesh,Harda,harda,5.14,3.51,140206.0,720659.0,33.39708879856217,0.5044557293440581,0.7514548607882732,0.314886068065753,0.5442085073741044,0.2342581236027989,True,3.51,4.36,3.98,3.935,3.9499999999999997,0.42579337712087567,-0.8500000000000005,44.92614782575926,22.419673950539668,33.67291088814946,5.066619220728782,-11.529059027197086,0.5458995733118096,0.4850464548809052,0.5154730140963574,0.007934618578216035,-0.04144384396775147,0.8092491824203067,0.7448731337824431,0.7770611581013749,-0.005400449663545803,-0.057794321632033574,0.3359950961527309,0.3133084804183527,0.32465178828554175,0.007284811636947719,-0.0211090280869779,0.5820408132306041,0.5487229984147606,0.5653819058226823,0.005651853580418531,-0.03783230585649966,0.2663707665356596,0.2245799802203829,0.24547537337802125,-0.00048205047714736105,-0.0321126429328607
2020,2020 - 2021,1. Madhya Pradesh,Hoshangabad,hoshangabad,5.63,4.72,298881.0,1682999.0,54.03081348737547,0.5138240321954772,0.7528071893825667,0.3026636630633572,0.5157084026981367,0.2286520039429672,True,4.72,4.47,4.31,4.595,4.5,0.2066397831977183,0.25,62.916161203229066,42.44147778488185,52.67881949405546,8.458447050490697,-8.885347715853598,0.5481059594355775,0.4931431250038662,0.5206245422197219,0.004692000634386795,-0.03428192724010026,0.788966684012344,0.7342680903013724,0.7616173871568582,0.0010547606375050922,-0.0361594946297773,0.3200235382343087,0.298563580918764,0.30929355957653637,0.0016198863638269279,-0.0173598751709515,0.5234682533955005,0.5058705041213315,0.514669378758416,0.009040534344440965,-0.007759850697363846,0.2718869582236584,0.2217679525611582,0.2468274553924083,-0.007261521225732648,-0.043234954280691185
2020,2020 - 2021,1. Madhya Pradesh,Indore,indore,6.01,5.15,201533.0,1211213.0,12.3856068913721,0.4775776493728115,0.704218892145834,0.2876477908593206,0.4913667189067739,0.2472596189036513,True,5.15,4.13,4.21,4.640000000000001,4.496666666666667,0.5672154205708212,1.0200000000000005,19.30918556530364,8.34800782841317,13.828596696858405,2.7293670734379756,-6.923578673931539,0.5092412306631731,0.4312548800213407,0.4702480553422569,0.028274482419898772,-0.031663581290361564,0.7539506422907167,0.6596374956581715,0.7067940689744441,0.01869353121569539,-0.049731750144882736,0.3075919746646998,0.2639432956432106,0.2857676351539552,0.016356172529699675,-0.019944183805379212,0.5081645861837389,0.4296308295397061,0.4688977078617225,0.040334135573670216,-0.01679786727696503,0.2586961390966948,0.2273907577060288,0.2430434484013618,0.012388641982551546,-0.011436520193043503
2020,2020 - 2021,1. Madhya Pradesh,Jabalpur,jabalpur,3.83,4.32,218372.0,835928.0,57.46322716091824,0.4703897105530532,0.6550722746287511,0.269668244685002,0.4118406437775823,0.2450302229857321,True,4.32,3.97,3.78,4.1450000000000005,4.023333333333333,0.27392213005402366,0.3500000000000001,87.55860799284113,59.8518467873305,73.70522739008581,-0.28741566522723616,-30.095380831922895,0.512978648485765,0.4518225068527197,0.4824005776692424,0.007776824775719726,-0.042588937932711846,0.7084924646655728,0.6267035124067224,0.6675979885361476,0.003683130937392698,-0.053420190036821746,0.2879462786565612,0.2601644125994333,0.27405534562799727,0.008108723643887317,-0.018278033971559193,0.4449392875699262,0.4092082396408975,0.4270737636054118,0.002589740324312806,-0.033098643792343896,0.2807710467304237,0.2570664475498478,0.26891874714013575,-0.0156283855353965,-0.03574082374469159
2020,2020 - 2021,1. Madhya Pradesh,Jhabua,jhabua,3.1,2.84,92146.0,285745.0,1.5242083132529645,0.3866671767195143,0.5491747763225798,0.2161927885094998,0.3396745541208205,0.2378468164366811,True,2.84,2.72,2.97,2.7800000000000002,2.8433333333333337,0.12503332889007368,0.11999999999999966,4.2487046692653125,3.874157542188731,4.061431105727022,-1.5804332539603452,-2.724496356012348,0.4133561204276686,0.3501778473961869,0.38176698391192776,0.03059173149309874,-0.026688943708154333,0.5965458612364446,0.4912265008259771,0.5438861810312108,0.0465151947229836,-0.04737108491386477,0.231398699175282,0.199185100711789,0.21529189994353548,0.016178603065902075,-0.015205910665782196,0.3574402840772114,0.2864534477082143,0.3219468658927128,0.04675354532483095,-0.01776572995639092,0.2429199743756535,0.2188593693186131,0.2308896718471333,0.01196666588756079,-0.005073157938972395
2020,2020 - 2021,1. Madhya Pradesh,Katni,katni,3.62,3.47,195189.0,707365.0,53.90389006607777,0.4459595799278899,0.6347494877029422,0.2571524280345854,0.4021928442385272,0.2371734409816613,True,3.47,3.31,3.02,3.39,3.266666666666667,0.2281081614790084,0.16000000000000014,101.46213746931612,76.27417119330573,88.86815433131093,-8.461376433018152,-47.55824740323835,0.5088430148149364,0.430519610472392,0.4696813126436642,0.001281456510967005,-0.06288343488704651,0.7135228814420592,0.6087582498666535,0.6611405656543563,0.0033670369467730943,-0.07877339373911707,0.2937705612285863,0.251808814863113,0.2727896880458497,0.0003777292970119639,-0.036618133194000924,0.4620932468068339,0.3955051518797562,0.428799199343295,0.003750089106676513,-0.0599004025683067,0.2794463148381583,0.2474205666836426,0.2634334407609005,-0.01560095779798834,-0.042272873856497
2020,2020 - 2021,1. Madhya Pradesh,Khandwa,khandwa,2.54,3.2,207445.0,526910.0,24.212390567187686,0.3614459983712944,0.5753327145696991,0.1936205295631479,0.3402554800046629,0.2324427566917342,True,3.2,2.94,3.75,3.0700000000000003,3.296666666666667,0.4135617648348712,0.26000000000000023,39.46199291492383,20.66331286414377,30.0626528895338,1.0392967161173559,-15.249602347736147,0.4272370504773139,0.343470381419357,0.38535371594833545,0.0006352209660034358,-0.06579105210601954,0.6548448820968956,0.5312280730373107,0.5930364775671031,0.020894798367304124,-0.07951216752719648,0.2287224141488628,0.1975651622834949,0.21314378821617885,-0.003475796335203063,-0.03510188458571489,0.377773244886022,0.3181506278618441,0.347961936373933,0.02124348177291313,-0.037517764881359106,0.2626342267151368,0.2171451274905423,0.23988967710283954,0.004694819324759403,-0.03019147002340261
2020,2020 - 2021,1. Madhya Pradesh,Khargone,khargone,4.35,4.1,245667.0,1068897.0,14.526757615074208,0.3967865591718564,0.5936482725699622,0.2217661052356867,0.3822612708515097,0.2417330329693131,True,4.1,3.89,3.8,3.995,3.9299999999999997,0.15394804318340638,0.20999999999999952,22.992307171799144,14.958210294924092,18.975258733361617,0.9718799170233261,-8.465549556724936,0.4552249745607831,0.3646574074167802,0.4099411909887817,0.009494250818400496,-0.05843841538892669,0.6787969655544781,0.5256365979303131,0.6022167817423956,0.025777790687792068,-0.08514869298451588,0.2591725252102863,0.2132732696329882,0.23622289742163724,0.001485340775873062,-0.037406419974599564,0.4064835543979413,0.334074200163012,0.37027887728047665,0.03844646317147221,-0.024222283546431633,0.2572644732343699,0.2199991354257532,0.23863180433006154,0.012469145605397025,-0.015531440265056817
2020,2020 - 2021,1. Madhya Pradesh,Mandla,mandla,3.25,1.95,75959.0,246715.0,74.82777454836034,0.4406285324721686,0.597148686919983,0.2211244727655037,0.3049208901480277,0.243926484937083,True,1.95,2.31,2.64,2.13,2.3000000000000003,0.345108678534748,-0.3600000000000001,137.39882495688525,92.4557268982004,114.92727592754282,-13.555620146832624,-62.57105040852491,0.5073015427657606,0.4132003981487224,0.4602509704572415,0.003493336590763063,-0.06667301029359196,0.6622022652004574,0.5397973692085922,0.6009998172045248,0.006014955422322443,-0.06505357828047442,0.2543496420693574,0.2135620431272943,0.23395584259832586,-0.0017824405002365706,-0.03322516930385369,0.3684899531035742,0.2949058961737698,0.331697924638672,-0.018081865236049488,-0.06356906295554648,0.3062152874701522,0.2594353864109456,0.2828253369405489,-0.017494226351974146,-0.062288802533069204
2020,2020 - 2021,1. Madhya Pradesh,Mandsaur,mandsaur,3.62,5.62,122427.0,443675.0,14.748946657652091,0.3849544162970163,0.5741508659708766,0.2183402663579037,0.358025749064456,0.2406923928376131,True,5.62,4.3,4.24,4.96,4.72,0.78,1.3200000000000003,23.31475591293575,17.428317359655285,20.371536636295517,-2.232095421603127,-8.565809255283657,0.4404715565764566,0.4301386978695748,0.43530512722301573,-0.01552158433244899,-0.05551714027944027,0.6670485693140386,0.6360271857789956,0.651537877546517,-0.025247041930150704,-0.09289770334316194,0.2514482110912011,0.2625337951587292,0.25699100312496514,-0.01582320954601038,-0.03310794473329737,0.4267979420675231,0.4199876458443649,0.423392793955944,-0.019447837042562477,-0.06877219300306708,0.2399003431954858,0.2236475087235902,0.231773925959538,0.01296536887267824,0.0007920496421272849
2020,2020 - 2021,1. Madhya Pradesh,Morena,morena,4.0,3.58,119968.0,479392.0,30.130980661351323,0.4154560151684463,0.5915339840146817,0.2775165520642315,0.4292496730866004,0.152951592660708,True,3.58,4.05,4.26,3.815,3.9633333333333334,0.3481857741685223,-0.46999999999999975,61.73569232671074,40.504066865118766,51.11987959591475,-2.7120471192674245,-31.604711665359417,0.4591441223335071,0.4218612751914448,0.44050269876247594,0.004519383475723615,-0.043688107165060774,0.6352931058342777,0.5884517254927208,0.6118724156634993,0.013493310469768982,-0.04375912181959596,0.2925247263882386,0.2764556666450935,0.28449019651666607,0.011240730010203703,-0.01500817432400714,0.446179208967269,0.4282795619709492,0.43722938546910906,0.018553262449623464,-0.01692953588066859,0.2017411955732455,0.1571287170877984,0.17943495633052195,-0.0035848270785756864,-0.04878960291253748
2020,2020 - 2021,1. Madhya Pradesh,Narsinghpur,narsinghpur,4.21,4.86,153258.0,644910.0,59.71907275199335,0.4805286955664146,0.6526672722567861,0.2668478824346488,0.3979087178209447,0.2502966649238172,True,4.86,3.66,3.49,4.26,4.003333333333333,0.7467485074195551,1.2000000000000002,77.85628173593062,53.47007279478395,65.66317726535729,2.2328298286898587,-18.13720898393727,0.5155141685018577,0.4560027174574589,0.4857584429796583,0.00790633105597216,-0.03498547293544313,0.6900392229606471,0.6190105322674663,0.6545248776140566,0.010276950298499177,-0.03737195070386101,0.2867600512327877,0.2604744918524108,0.27361727154259924,0.0024479452891998377,-0.019912168798138896,0.4184319932703023,0.385798744497918,0.40211536888411015,0.007491803662509844,-0.02052327544935756,0.2853983731764331,0.2503554225322958,0.2678768978543644,-0.01002009111491342,-0.03510170825261588
2020,2020 - 2021,1. Madhya Pradesh,Neemuch,neemuch,2.66,4.74,41206.0,109484.0,10.822595005665198,0.3657506524735894,0.5070800509893187,0.208568548037439,0.3124483543114801,0.1773381363915049,True,4.74,4.19,3.91,4.465,4.28,0.4222558466143483,0.5499999999999998,17.411699097343597,14.66213909911107,16.036919098227333,-1.7188515501233805,-6.589104091678399,0.4289144924547506,0.3966107508110309,0.4127626216328908,-0.015133050382614477,-0.06316383998116121,0.6255328462695823,0.561220773545851,0.5933768099077166,-0.03296411912064168,-0.11845279528026353,0.2459413965900918,0.2423094574141155,0.24412542700210366,-0.01664381681297805,-0.0373728485526528,0.3910212853260044,0.359709950868977,0.3753656180974907,-0.02372586151577427,-0.07857293101452428,0.1848648849328268,0.163188189480316,0.1740265372065714,0.009657376119644762,-0.007526748541321904
2020,2020 - 2021,1. Madhya Pradesh,Niwari,niwari,2.59,3.15,63320.0,163999.0,40.61205635890588,0.4337616049239622,0.6463237569635776,0.274359626896545,0.4453820645812271,0.1425681609778677,True,3.15,,,3.15,3.15,,,61.74751400182328,,61.74751400182328,-21.1354576429174,-21.1354576429174,0.4867584137557051,,0.4867584137557051,-0.0529968088317429,-0.0529968088317429,0.7265571322720851,,0.7265571322720851,-0.08023337530850749,-0.08023337530850749,0.2997754052101938,,0.2997754052101938,-0.02541577831364883,-0.02541577831364883,0.4995418807729321,,0.4995418807729321,-0.05415981619170501,-0.05415981619170501,0.2005836651321955,,0.2005836651321955,-0.058015504154327796,-0.058015504154327796
2020,2020 - 2021,1. Madhya Pradesh,Panna,panna,2.43,2.47,150010.0,364524.0,48.40633741683144,0.400167418772185,0.5835179297599129,0.2231961480742728,0.3412606785271505,0.143077584054203,True,2.47,2.71,2.71,2.59,2.63,0.13856406460551005,-0.23999999999999977,85.77864869827292,58.0363495236557,71.90749911096431,-4.202457860479619,-37.372311281441476,0.4662422621303246,0.3829631545186844,0.42460270832450453,0.001414963883655307,-0.06607484335813962,0.6743587746260296,0.5382500548178687,0.6063044147219492,0.010150762713654782,-0.09084084486611665,0.2623270588373467,0.2242259581340994,0.24327650848572305,-0.0054186157257318235,-0.0391309107630739,0.4234296535373232,0.342254479054077,0.3828420662957001,-0.013553708700279554,-0.08216897501017273,0.203299984029455,0.146810958968336,0.1750554714988955,-0.015978423699906347,-0.060222399975252
2020,2020 - 2021,1. Madhya Pradesh,Raisen,raisen,3.46,4.07,279981.0,968454.0,42.82397865499566,0.4477779038119951,0.6817369680999864,0.2538138222272911,0.4431559525083904,0.2118410759870236,True,4.07,3.19,3.28,3.63,3.513333333333333,0.4841831609353361,0.8800000000000003,59.24320356379528,33.58736649106062,46.41528502742795,7.988690554677184,-16.419224908799613,0.5015350974766634,0.4280808139843743,0.4648079557305188,0.0018948877803982023,-0.053757193664668246,0.7382552490270106,0.6392475406364366,0.6887513948317237,0.01602914837647451,-0.056518280927024156,0.2856464554822384,0.2543485676181315,0.2699975115501849,-0.005459811429386285,-0.031832633254947285,0.4658633447454235,0.417092758484905,0.4414780516151643,0.01663431961876699,-0.02270739223703311,0.2379620168924613,0.1977566378347153,0.21785932736358832,0.0018852156891545346,-0.026120940905437706
2020,2020 - 2021,1. Madhya Pradesh,Rajgarh,rajgarh,3.24,2.86,315181.0,1020556.0,22.203935474871034,0.4570747554306217,0.6985472308120225,0.2713387000590262,0.4689048722731736,0.254966467993792,True,2.86,3.52,3.49,3.19,3.2900000000000005,0.37269290307168457,-0.6600000000000001,35.10812165088677,17.545930689171055,26.327026170028915,5.237748295881296,-12.904186176015738,0.5029347229504072,0.4236035355785095,0.46326912926445835,0.03465046535494809,-0.045859967519785494,0.7330037404906302,0.630174273420986,0.6815890069558082,0.0670227307063479,-0.034456509678607694,0.2957118691469664,0.2558413051330319,0.27577658713999914,0.026585836512108663,-0.024373169087940183,0.481806433154382,0.4240460148112612,0.45292622398282156,0.06596788050290031,-0.012901560881208363,0.2704256374843067,0.2429242662232415,0.2566749518537741,0.007219083826676687,-0.01545916949051468
2020,2020 - 2021,1. Madhya Pradesh,Ratlam,ratlam,5.01,3.62,214917.0,1076734.0,6.586533657936896,0.4496007897253799,0.6554391172017102,0.2625433816032205,0.4280017005733986,0.2685913253205538,True,3.62,3.05,3.58,3.335,3.4166666666666665,0.3181718613160715,0.5700000000000003,10.82560585574601,9.093851184503771,9.95972852012489,-0.7297648838473618,-4.239072197809114,0.4718625933540358,0.4259169965251507,0.44888979493959325,0.026334308416842978,-0.022261803628655874,0.6927175738924696,0.6274520432950251,0.6600848085937474,0.033786075908441515,-0.037278456690759354,0.2731868276318842,0.2569711890856864,0.2650790083587853,0.013723136964871263,-0.010643446028663683,0.4493775824807182,0.4005385613997471,0.4249580719402326,0.03694000853250423,-0.021375881907319594,0.2643428591237559,0.2485859210333038,0.25646439007852984,0.015350497060001411,0.004248466196797918
2020,2020 - 2021,1. Madhya Pradesh,Rewa,rewa,2.58,3.14,343212.0,887203.0,41.834234346269575,0.4180068181284668,0.583777173815662,0.2465537190790145,0.3687377051321263,0.1439483914742583,True,3.14,3.01,2.88,3.075,3.0100000000000002,0.13000000000000012,0.13000000000000034,94.78867470697774,66.06962258317151,80.42914864507463,-12.707887720763146,-52.95444036070817,0.4842706025523988,0.3994834768304988,0.44187703969144876,0.0019685216035978947,-0.06626378442393199,0.6597351678705466,0.5530991906916046,0.6064171792810756,0.009902554573411382,-0.07595799405488468,0.2897009762420148,0.2415567891189632,0.265628882680489,-0.0007012782373556903,-0.0431472571630003,0.4350966601986044,0.3683953307208313,0.40174599545971784,-0.001889596561900242,-0.0663589550664781,0.2115681532383364,0.1532037948107825,0.18238597402455944,-0.02092380720276657,-0.06761976176407808
2020,2020 - 2021,1. Madhya Pradesh,Sagar,sagar,2.85,3.33,347618.0,992449.0,50.51569289724339,0.4383641751218138,0.6663325621987211,0.2496257444427067,0.4188689445376267,0.240992304695115,True,3.33,2.5,3.21,2.915,3.013333333333333,0.4485903847981289,0.8300000000000001,66.53610423038087,41.64358288928014,54.089843559830506,10.093692424333845,-16.02041133313748,0.4908312915899727,0.4256852666247052,0.45825827910733896,0.0058453671026409415,-0.05246711646815888,0.7257110650088069,0.617182127555703,0.6714465962822549,0.02905408378139862,-0.05937850281008583,0.2812217215426176,0.2525868425350911,0.26690428203885436,-0.0008238704962461041,-0.03159597709991091,0.4621923674675036,0.3962580060369049,0.4292251867522042,0.0151915901514168,-0.0433234229298769,0.2654314349243639,0.2292656377022467,0.24734853631330528,-0.00018153107070903451,-0.024439130229248873
2020,2020 - 2021,1. Madhya Pradesh,Satna,satna,2.66,3.2,320734.0,853473.0,47.74749159009328,0.4293802362005689,0.6184073093151154,0.2495492944945652,0.3874308853968953,0.1478487820246727,True,3.2,3.68,3.43,3.4400000000000004,3.436666666666667,0.24006943440041117,-0.48,97.49158616206012,65.39604449116685,81.44381532661347,-9.658863305359503,-49.74409457196683,0.4873038870967549,0.4022724004814347,0.4447881437890948,0.01177178099547016,-0.05792365089618595,0.6893098443015805,0.5711169714896862,0.6302134078956334,0.025329048949342736,-0.07090253498646504,0.2870258851994799,0.2405294444106939,0.2637776648050869,0.003477866076465913,-0.037476590704914714,0.4484794158611306,0.3721687638864308,0.41032408987378066,0.0072534085263509795,-0.06104853046423531,0.2201408063841129,0.155774005435267,0.18795740590968996,-0.02069103304402975,-0.07229202435944021
2020,2020 - 2021,1. Madhya Pradesh,Sehore,sehore,3.3,3.62,333486.0,1099837.0,32.898409640494386,0.4652012538016636,0.7162519085527677,0.2772803770077059,0.4951018460825294,0.2444845069315003,True,3.62,3.09,3.53,3.355,3.4133333333333336,0.2836077102854106,0.5300000000000002,43.61596665541229,21.53420280280281,32.575084729107544,9.249289238223376,-10.717557014917901,0.5211897179508421,0.4365548911298251,0.4788723045403336,0.014663508471797704,-0.05598846414917852,0.7678051345526559,0.6717086629917415,0.7197568987721987,0.03141481898416221,-0.05155322599988821,0.3138663315648931,0.2699587276678297,0.2919125296163614,0.006956098530343291,-0.03658595455718716,0.5284685937336987,0.4548096953593511,0.4916391445465249,0.03957279059477281,-0.033366747651169315,0.264484617692318,0.2244669823841605,0.24447580003823927,0.009799081744826577,-0.020000110760817702
2020,2020 - 2021,1. Madhya Pradesh,Seoni,seoni,4.37,4.32,275705.0,1205107.0,74.79276229015646,0.429822465711722,0.6132191965080601,0.2303350685499058,0.3556666527307217,0.2413175576043309,True,4.32,3.09,2.61,3.705,3.34,0.8819863944528852,1.2300000000000004,103.75193698541251,75.44901610985264,89.60047654763258,-1.9267953963168196,-28.959174695256053,0.5014153001376094,0.4080484420202345,0.45473187107892193,0.0035557378340481116,-0.07159283442588738,0.6785004223158376,0.5663710828249809,0.6224357525704093,0.013947013162379784,-0.06528122580777751,0.2679629698648188,0.2237755071070775,0.24586923848594816,-0.0013089255084508533,-0.03762790131491303,0.4021759282035247,0.3386473116428176,0.3704116199231712,0.0029218783683304106,-0.046509275472803036,0.3098878355089014,0.2511470125038942,0.2805174240063978,-0.017807978368889338,-0.06857027790457051
2020,2020 - 2021,1. Madhya Pradesh,Shahdol,shahdol,1.88,2.48,74224.0,139467.0,63.78024961671544,0.4127217754557056,0.5414474378918831,0.2295819388685544,0.3065853529464248,0.1975445631296931,True,2.48,2.42,2.18,2.45,2.36,0.15874507866387533,0.06000000000000005,145.59478974298707,91.11642778161595,118.35560876230151,-18.1747138436632,-81.81454012627164,0.4932917387505189,0.3883492580258011,0.44082049838816,0.0004105967093317453,-0.08056996329481331,0.6231685233712524,0.4963618323577269,0.5597651778644896,-0.001770756210220048,-0.0817210854793693,0.2700182000130836,0.2158523211283026,0.2429352605706931,0.0016479937913043696,-0.04043626114452917,0.3651542667793538,0.2969880357467062,0.33107115126303,-0.0086308786146439,-0.058568913832929004,0.2617769371081428,0.2147704372875373,0.23827368719784006,-0.02133634230617315,-0.06423237397844972
2020,2020 - 2021,1. Madhya Pradesh,Shajapur,shajapur,3.24,5.39,196447.0,637274.0,22.82593537594921,0.4841750045871015,0.7435155871557777,0.2951281265351888,0.5206673114365765,0.267429109782095,True,5.39,2.82,3.6,4.1049999999999995,3.936666666666666,1.3176620709929132,2.57,35.99447765628052,19.228338180121963,27.611407918201245,3.8133320440301794,-13.168542280331312,0.5345645834099716,0.4478807060792773,0.49122264474462446,0.027661240296240175,-0.050389578822870096,0.7743765573353808,0.6793369674293762,0.7268567623823785,0.05199360891358462,-0.030860970179603098,0.3258732691336297,0.2753392660853183,0.30060626760947395,0.023196260474552866,-0.03074514259844091,0.5308513387660068,0.4608657712837613,0.4958585550248841,0.0678726816039793,-0.010184027329430245,0.2775990598103715,0.2460256091839208,0.26181233449714614,0.01410078101320511,-0.010169950028276475
2020,2020 - 2021,1. Madhya Pradesh,Sheopur,sheopur,5.47,4.5,96446.0,527367.0,12.717450678409948,0.3706575190252483,0.5251285284847643,0.2199116980331613,0.332218954558085,0.1743660957104878,True,4.5,4.32,3.94,4.41,4.253333333333333,0.2858904218985543,0.17999999999999972,30.13892318912341,25.82876249343268,27.983842841278047,-4.772317543516854,-17.421472510713464,0.4352869871099692,0.4053977100635145,0.42034234858674185,-0.008726593974630936,-0.06462946808472092,0.6367304633518879,0.5785849852116588,0.6076577242817733,-0.014866294558653514,-0.11160193486712355,0.2465214288682996,0.2388030152620898,0.24266222206519472,-0.0011322989084304458,-0.026609730835138318,0.3943461981509815,0.3672539370936979,0.3808000676223397,-0.005950761138238392,-0.06212724359289651,0.1996575710120922,0.1703051216473598,0.18498134632972602,0.0015261420915200774,-0.025291475301604388
2020,2020 - 2021,1. Madhya Pradesh,Shivpuri,shivpuri,2.96,2.73,277065.0,819004.0,26.927318471800263,0.3948171793111311,0.5771401119875704,0.235623951817901,0.3732017305906083,0.1753232867010852,True,2.73,3.1,2.82,2.915,2.8833333333333333,0.19295940851208412,-0.3700000000000001,41.69145985474404,26.12096966205231,33.90621475839818,5.431835252487794,-14.764141382943777,0.4604595241361989,0.4056887537687625,0.4330741389524807,0.005923716381003086,-0.06564234482506781,0.6628738150203838,0.5815913547064865,0.6222325848634351,0.019874093389149916,-0.08573370303281336,0.26658439983485,0.2443095637479775,0.25544698179141373,0.005069184951085298,-0.030960448016949,0.4272656485529004,0.3798298910888821,0.40354776982089124,0.018687292498958508,-0.054063917962292096,0.2238948623169219,0.1852846611469536,0.20458976173193777,-0.012096308947785739,-0.04857157561583669
2020,2020 - 2021,1. Madhya Pradesh,Sidhi,sidhi,2.33,2.37,119467.0,278358.0,48.47651451434856,0.4694502275101653,0.6082213302327328,0.2669196304540587,0.3599882526405716,0.2013423107709692,True,2.37,3.03,2.59,2.7,2.6633333333333336,0.33605555096342815,-0.6599999999999997,112.74151595346352,72.96431049244053,92.85291322295203,-16.823136025726406,-64.26500143911497,0.5436510326471518,0.4572744229479037,0.5004627277975278,-0.0021453529328669396,-0.07420080513698646,0.675938302667173,0.5792514573634263,0.6275948800152997,0.003688511337593514,-0.06771697243444019,0.3063778946310317,0.2589514512679954,0.2826646729495136,0.0014186992226032924,-0.03945826417697301,0.4106486730614063,0.3530365469411149,0.38184261000126063,-0.0020413261211114087,-0.050660420420834684,0.2635551745175198,0.2131291238182676,0.2383421491678937,-0.024079989627602605,-0.062212863746550606
2020,2020 - 2021,1. Madhya Pradesh,Singrauli,singrauli,5.6,4.83,86908.0,486598.0,54.29795500443679,0.4011394779594125,0.5270515436900459,0.2246975766516772,0.3091643017322729,0.1456628647847585,True,4.83,2.73,2.65,3.7800000000000002,3.4033333333333338,1.2361769021193258,2.1,140.43394086225112,83.66935813123173,112.05164949674142,-25.12333593519091,-86.13598585781433,0.4800406294324926,0.3850173218360732,0.4325289756342829,-0.003932361820766894,-0.07890115147308008,0.5987031268083128,0.4996022089028114,0.549152667855562,-0.0021069033445513252,-0.07165158311826691,0.2675370573333887,0.2142634210117263,0.24090023917255748,-0.0009006590422948879,-0.04283948068171148,0.3619638800318072,0.3003257596659485,0.33114481984887784,-0.0034130727575168995,-0.0527995782995343,0.2084978655965724,0.1516604734160675,0.18007916950631997,-0.02195117412415412,-0.0628350008118139
2020,2020 - 2021,1. Madhya Pradesh,Tikamgarh,tikamgarh,2.88,3.07,205836.0,592190.0,40.61205635890588,0.4337616049239622,0.6463237569635776,0.274359626896545,0.4453820645812271,0.1425681609778677,True,3.07,2.83,2.5,2.95,2.8000000000000003,0.28618176042508364,0.23999999999999977,61.74751400182328,35.87848014112593,48.812997071474605,6.329846994658027,-21.1354576429174,0.4867584137557051,0.4296747965719475,0.45821660516382634,0.02653573986546215,-0.0529968088317429,0.7265571322720851,0.6404757721996758,0.6835164522358804,0.056335067795634464,-0.08023337530850749,0.2997754052101938,0.27146516918927,0.28562028719973187,0.019621319757865352,-0.02541577831364883,0.4995418807729321,0.4391586013448927,0.46935024105891243,0.04499468951266278,-0.05415981619170501,0.2005836651321955,0.1526900119048783,0.1766368385185369,-0.015590963856784795,-0.058015504154327796
2020,2020 - 2021,1. Madhya Pradesh,Ujjain,ujjain,3.4,4.32,409404.0,1393202.0,12.219623617084515,0.5106452563769476,0.7632169769227234,0.3179622257670767,0.5361377472367912,0.2666910532833454,True,4.32,2.65,4.24,3.4850000000000003,3.736666666666667,0.9419306414664159,1.6700000000000004,24.67275391141125,12.02288509399182,18.347819502701533,0.14298189550552465,-12.453130294326733,0.5434548798134542,0.4566035549043137,0.500029217358884,0.03476325196998603,-0.03280962343650662,0.7940946588764664,0.6956176492739113,0.7448561540751888,0.0452165685412359,-0.030877681953742964,0.3314614336163874,0.2823491086282218,0.3069052711223046,0.02720145060289536,-0.01349920784931069,0.5504018139942798,0.462693321451991,0.5065475677231354,0.05679387647283418,-0.014264066757488592,0.267256640505097,0.2480230563023027,0.25763984840369986,0.01376561203327853,-0.0005655872217515956
2020,2020 - 2021,1. Madhya Pradesh,Umaria,umaria,1.86,1.97,74548.0,138957.0,59.56988371572542,0.4585345687231675,0.6138321354982093,0.2508295484574833,0.3486939415729557,0.2337965814673529,True,1.97,2.24,2.37,2.105,2.1933333333333334,0.20404247923737195,-0.27000000000000024,120.03270687485885,84.60350164190119,102.31810425838002,-12.364214240180566,-60.46282315913343,0.5339240704357725,0.4451665896555068,0.48954533004563966,-0.0026809331127786162,-0.075389501712605,0.6851077663273476,0.5706440187967683,0.627875892562058,0.00453249004007128,-0.07127563082913835,0.2913104077425841,0.249623678305196,0.27046704302389,-0.0031908836695803133,-0.04048085928510081,0.4157952462293546,0.3453240719401908,0.38055965908477274,-0.010729052411627527,-0.06710130465639891,0.2862478000934988,0.2540667053672151,0.27015725273035696,-0.021318647471297164,-0.05245121862614591
2020,2020 - 2021,1. Madhya Pradesh,Vidisha,vidisha,3.07,2.92,355461.0,1089843.0,38.11682154015778,0.4723378757485644,0.7537451846201612,0.2845972094438038,0.5260702776528329,0.2420255819837905,True,2.92,2.61,3.9,2.7649999999999997,3.143333333333333,0.6733745861950341,0.31000000000000005,48.31658234572232,28.35362785800031,38.335105101861316,11.936722799315458,-10.199760805564537,0.5214657527838766,0.4566307615922342,0.48904825718805545,0.009115099193682086,-0.04912787703531224,0.7954980892234057,0.7012091228456367,0.7483536060345213,0.0364849967321591,-0.041752904603244545,0.3168062282374869,0.2823021184504024,0.29955417334394463,0.0014864384243347684,-0.0322090187936831,0.5409984669491233,0.4754467609042652,0.5082226139266943,0.03743608295501655,-0.014928189296290473,0.2705885431481598,0.2289324998014683,0.24976052147481403,0.0030531387078920613,-0.028562961164369266
2021,2021 - 2022,1. Madhya Pradesh,Agar malwa,agarmalwa,2.54,2.23,127140.0,322936.0,23.771330888696333,0.4653689141027692,0.6861318830787717,0.267139915449654,0.4399255204728625,0.2796045307820544,True,2.23,4.5,2.1,3.365,2.9433333333333334,1.3496789741762052,-2.27,14.54256442133012,23.409465705731144,18.97601506353063,11.191101147102367,9.228766467366214,0.4415496881538034,0.4868037647172616,0.46417672643553254,0.04576146361763728,0.023819225948965794,0.655701543212567,0.702077695015792,0.6788896191141796,0.07300573155518186,0.030430339866204692,0.2588726023318051,0.2830932945981922,0.27098294846499865,0.024672720313588387,0.008267313117848896,0.4293223580615823,0.4517653035945148,0.44054383082804854,0.05311035206701126,0.010603162411280176,0.2697709350833021,0.2753663191936423,0.2725686271384722,0.01960654741825868,0.009833595698752307
2021,2021 - 2022,1. Madhya Pradesh,Alirajpur,alirajpur,2.86,2.74,37799.0,107954.0,12.774254861373644,0.4396141779593488,0.5976776570207364,0.2467468366519839,0.3494792596802107,0.2254881188654532,True,2.74,2.3,2.31,2.52,2.4499999999999997,0.25119713374160957,0.4400000000000004,1.3942531259684128,7.744014489192664,4.569133807580538,8.381736537857314,11.38000173540523,0.404321694154808,0.4326582990990064,0.4184899966269072,0.05698388033234836,0.03529248380454081,0.5352476335847658,0.6011644880806618,0.5682060608327137,0.0797184894358356,0.062430023435970594,0.229441660899074,0.2470971472884006,0.2382694040937373,0.027031769273805767,0.017305175752909907,0.3277718637450827,0.3535896016968853,0.340680732720984,0.045219203616894244,0.021707395935127993,0.2162252643238588,0.2243117712830593,0.22026851780345905,0.025337025776445032,0.009262854541594395
2021,2021 - 2022,1. Madhya Pradesh,Anuppur,anuppur,2.16,1.58,18237.0,39301.0,103.91549528578126,0.4181991953388205,0.536885475498932,0.2342320700033878,0.3181382612634615,0.1729010610778732,True,1.58,1.62,1.77,1.6,1.656666666666667,0.1001665280087781,-0.040000000000000036,69.07997317217797,174.1429853774995,121.61147927483874,14.523182253602215,34.83552211360329,0.4038517770082056,0.4737024088457693,0.43877709292698747,0.02772987802863136,0.01434741833061487,0.5146729366664801,0.605839134115515,0.5602560353909976,0.017314622018966386,0.02221253883245189,0.2315795072471462,0.2660716458673788,0.2488255765572625,0.012317689419531652,0.0026525627562415943,0.2978854426999416,0.3659308469630132,0.3319081448314774,0.010536885648683714,0.020252818563519903,0.1579345312839097,0.224710883355027,0.19132270731946835,0.0013318921842012943,0.014966529793963512
2021,2021 - 2022,1. Madhya Pradesh,Ashoknagar,ashoknagar,3.55,3.38,173252.0,614698.0,38.70991482257302,0.4679979186682027,0.7053140461165894,0.2804198625879651,0.4639442015424571,0.266165034155071,True,3.38,3.83,3.36,3.605,3.5233333333333334,0.2657693235370354,-0.4500000000000002,33.96645042790507,42.23147309021045,38.09896175905776,14.304720596939628,4.743464394667946,0.4408925969249483,0.4893058926415026,0.46509924478322545,0.038774871718478154,0.027105321743254362,0.6786335414222808,0.7351969691918357,0.7069152553070583,0.054033166154873635,0.026680504694308604,0.2599959741130233,0.2859504260249796,0.27297320006900144,0.026312535875265664,0.02042388847494181,0.4438198488025647,0.4782428067802236,0.4610313277913941,0.041450614263316476,0.02012435273989238,0.2412812140049175,0.2742378428335515,0.2577595284192345,0.02330369088103415,0.024883820150153474
2021,2021 - 2022,1. Madhya Pradesh,Balaghat,balaghat,2.05,2.71,44403.0,91115.0,93.7421757403657,0.535999021041095,0.6687370572683747,0.2889315017065645,0.3952948221105117,0.2496379879678187,True,2.71,1.65,1.32,2.1799999999999997,1.8933333333333333,0.726246055640465,1.06,69.21804095260093,137.13711510591912,103.17757802926002,10.605221013361884,24.524134787764766,0.5218850249556932,0.5865172777760268,0.55420115136586,0.02073203808229096,0.014113996085401759,0.6537579163199285,0.7108429569337714,0.6823004366268499,0.013887268151810184,0.014979140948446212,0.2755950782346467,0.3124593604964661,0.2940272193655564,0.013128851101979866,0.013336423471917824,0.3507134523612932,0.4138212457731547,0.3822673490672239,0.027094116176763494,0.0445813697492185,0.227938446879081,0.3096316589974321,0.26878505293825655,0.006881743816107622,0.0216995410887377
2021,2021 - 2022,1. Madhya Pradesh,Barwani,barwani,3.85,4.19,126959.0,488538.0,21.069837848821244,0.3958785148004399,0.5742980565259442,0.2129506228400181,0.3360778397808928,0.2037321393884206,True,4.19,4.11,3.77,4.15,4.023333333333333,0.22300971578236994,0.08000000000000007,10.825429014045367,14.0771446526143,12.451286833329833,10.594812691513601,10.244408834775877,0.3681891404435513,0.4032230380219943,0.3857060892327728,0.047381892027114236,0.02768937435688862,0.5194553099880965,0.5989952779313102,0.5592252939597033,0.08308934519787592,0.05484274653784771,0.2000276180641725,0.2195413650819714,0.20978449157307194,0.01976552938828824,0.012923004775845598,0.3073992602009955,0.3435584629851543,0.32547886159307493,0.05077414687330806,0.02867857957989728,0.2002240164805559,0.2129591483794382,0.20659158242999703,0.01987071400165155,0.0035081229078647025
2021,2021 - 2022,1. Madhya Pradesh,Betul,betul,2.86,3.29,269435.0,770584.0,53.1764076151741,0.4630839141601544,0.6701447640510222,0.2474670977345227,0.3915165865951456,0.1887164092464666,True,3.29,2.62,3.25,2.955,3.0533333333333332,0.37581023580170525,0.6699999999999999,58.25312929770779,67.443214161429,62.84817172956839,-0.6215371928736104,-5.076721682533687,0.4299690723094548,0.5091265325649116,0.4695478024371832,0.04059871551167277,0.03311484185069957,0.6204004656259344,0.7138722074360219,0.6671363365309781,0.06370869660651968,0.04974429842508776,0.226249980487523,0.2718629890386312,0.24905648476307712,0.019514246346096664,0.02121711724699968,0.3499895886638158,0.4060103605772557,0.37799997462053575,0.04980529752100804,0.0415269979313298,0.1715832559701572,0.2443303636361829,0.20795680980317005,0.011155798988043114,0.017133153276309404
2021,2021 - 2022,1. Madhya Pradesh,Bhind,bhind,4.84,3.98,77890.0,377377.0,47.13262596764455,0.4875249519702477,0.7048642344522157,0.3251196043181528,0.5177482468422901,0.1899766421796416,True,3.98,3.56,4.22,3.77,3.92,0.3340658617698012,0.41999999999999993,32.680330758099785,80.01364640317088,56.34698858063533,8.290942146904769,14.452295209544765,0.4575151962614061,0.4967012515933041,0.4771082239273551,0.037768087783426385,0.030009755708841623,0.6754405437878203,0.7044607634990042,0.6899506536434122,0.05166962464946501,0.02942369066439543,0.3079918974742072,0.3250873071890958,0.31653960233165146,0.02801122448857557,0.0171277068439456,0.4901034749431966,0.5119749894529483,0.5010392321980724,0.04651506730261329,0.027644771899093534,0.1518053773420676,0.2072911002651572,0.1795482388036124,0.029302865283847873,0.03817126483757402
2021,2021 - 2022,1. Madhya Pradesh,Bhopal,bhopal,3.41,3.43,145334.0,495153.0,35.51571053473814,0.4813053495519266,0.7238055564452774,0.2827852846133136,0.4785061232180859,0.2300370684299436,True,3.43,3.02,3.43,3.225,3.2933333333333334,0.23671361036774666,0.41000000000000014,35.91629680295053,48.1312570986358,42.02377695079316,10.157772176047622,-0.4005862682123862,0.4677805621703411,0.5114349102695667,0.4896077362199539,0.031074439395476106,0.013524787381585524,0.7063369862090223,0.7413340935466173,0.7238355398778198,0.05213343466295017,0.017468570236255143,0.2778037211198741,0.3017042833502447,0.2897540022350594,0.014726916247777166,0.004981563493439478,0.4794075604237038,0.4922799871814308,0.48584377380256727,0.033787236704954815,-0.0009014372056179165,0.2269360956794474,0.2535187051271244,0.24022740040328588,0.009009812839926135,0.0031009727504962004
2021,2021 - 2022,1. Madhya Pradesh,Burhanpur,burhanpur,5.13,5.49,14766.0,75750.0,23.97017707418119,0.441220343854352,0.6643609762555339,0.2437049816824423,0.3997076423937981,0.1914446862553353,True,5.49,3.6,2.96,4.545,4.016666666666667,1.3154593620987816,1.8900000000000001,24.82092929951601,36.037343566921294,30.429136433218652,-2.891279186560638,-0.8507522253348192,0.3983881245553308,0.4843301247676881,0.44135912466150945,0.03947503971063421,0.0428322192990212,0.5683152801854077,0.7081536560719667,0.6382344681286871,0.08823776274395345,0.09604569607012625,0.2164470811939736,0.2674122097636354,0.2419296454788045,0.01853244897600953,0.02725790048846871,0.3330638228815285,0.4192841776934622,0.37617400028749537,0.06427317935971849,0.06664381951226955,0.1891783874822508,0.224081178100907,0.2066297827915789,0.006431594288417775,0.002266298773084513
2021,2021 - 2022,1. Madhya Pradesh,Chhatarpur,chhatarpur,3.1,2.58,248232.0,769132.0,44.40072602167996,0.4503694490788527,0.6454570940197192,0.2765500449074634,0.420602214165157,0.2155705483172377,True,2.58,2.66,2.92,2.62,2.72,0.17776388834631168,-0.08000000000000007,42.97431921087405,66.93227508809686,54.95329714948545,3.8681750258216354,1.4264068108059078,0.4288827305068558,0.4849017980037923,0.45689226425532403,0.0417099665860331,0.021486718571996855,0.6326999071180914,0.7039629503191117,0.6683314287186015,0.060992147687082054,0.012757186901627748,0.2564674843770875,0.2891829147521403,0.27282519956461393,0.03159909950008599,0.02008256053037588,0.4067412777247356,0.4716952621582453,0.4392182699414905,0.0423013172796351,0.013860936440421356,0.177165529972342,0.2261874818752523,0.20167650592379716,0.02720991376954479,0.03840501834489571
2021,2021 - 2022,1. Madhya Pradesh,Chhindwara,chhindwara,4.6,5.28,308313.0,1419165.0,79.72776317770064,0.4624153056609313,0.6436757434405457,0.2528682422119279,0.3972694982429003,0.2355295770688353,True,5.28,5.45,3.53,5.365,4.753333333333333,1.0628421017880945,-0.16999999999999993,74.15578967258448,89.12505130840844,81.64042049049647,7.606007440579262,5.571973505116162,0.430239004933814,0.5131653197140652,0.4717021623239396,0.03291838312832607,0.0321763007271173,0.6076055245036864,0.6925768301777001,0.6500911773406932,0.04036126622286185,0.036070218936859244,0.2267339845139014,0.2733584247064332,0.2500462046101673,0.020854649769828787,0.026134257698026492,0.3406202391645549,0.4056019432215793,0.37311109119306707,0.05185062962977072,0.05664925907834539,0.2150144738116117,0.290294177440743,0.25265432562617735,0.007514263401630583,0.020515103257223583
2021,2021 - 2022,1. Madhya Pradesh,Damoh,damoh,3.01,2.77,144956.0,435883.0,65.79840340999334,0.4176815513085182,0.6244216865824213,0.251369735748527,0.4079143924494038,0.2475752706654504,True,2.77,2.44,2.56,2.605,2.59,0.1670329308849007,0.33000000000000007,50.29347544858554,81.65696984968385,65.9752226491347,13.857866710936754,15.504927961407802,0.4121271956182939,0.4644316955292233,0.43827944557375864,0.004361992831371286,0.0055543556902242774,0.618096825288901,0.6867926051418638,0.6524447152153824,0.015845229049889498,0.006324861293520279,0.2377275743375091,0.2677585138244703,0.2527430440809897,0.00833736016427647,0.0136421614110179,0.3912729790292388,0.4461800743224152,0.418726526675827,0.016219488574752916,0.016641413420165008,0.2324630668280007,0.2629209195673467,0.2476919931976737,0.009653001784007464,0.015112203837449711
2021,2021 - 2022,1. Madhya Pradesh,Datia,datia,3.61,3.38,146077.0,527922.0,45.482643289008,0.4917196681713885,0.7275266743093277,0.3136375872793805,0.5159563575860098,0.1896703687038876,True,3.38,3.41,3.32,3.395,3.3699999999999997,0.04582575694955854,-0.03000000000000025,35.93381107318677,70.75469033437571,53.34425070378124,11.263610586496497,9.548832215821236,0.4589394499215272,0.4842421151562247,0.47159078253887593,0.03938891241817233,0.032780218249861326,0.7030509200639035,0.7308419029184411,0.7169464114911723,0.03389593249484735,0.024475754245424253,0.2913284164435926,0.2958619044690402,0.2935951604563164,0.029727866684664705,0.022309170835787928,0.5004094928140971,0.5069814995182675,0.5036954961661824,0.02251574453529237,0.015546864771912694,0.130548825022944,0.1911291506675203,0.16083898784523215,0.04370090577315025,0.059121543680943606
2021,2021 - 2022,1. Madhya Pradesh,Dewas,dewas,3.82,3.41,287400.0,1097293.0,29.67769729538968,0.4816876750412327,0.7273986803637618,0.2757650953497516,0.4776386294320432,0.2275116079666973,True,3.41,4.36,2.38,3.8850000000000002,3.3833333333333333,0.9902693236354108,-0.9500000000000002,20.255829692378768,29.015098581668628,24.635464137023696,13.455790866137725,9.421867603010913,0.4642085470302861,0.5146965030751339,0.48945252505271,0.03892486280352708,0.017479128010946643,0.7047767045647866,0.7590269215379143,0.7319018130513504,0.05515736638027369,0.02262197579897518,0.2717355890156272,0.3046337918664006,0.2881846904410139,0.01652231088796219,0.004029506334124355,0.4709525746016146,0.4999339344732467,0.48544325453743065,0.047082744605820015,0.006686054830428612,0.2257154569809562,0.2418543857779125,0.23378492137943435,0.010740540989894853,0.001796150985741124
2021,2021 - 2022,1. Madhya Pradesh,Dhar,dhar,5.43,5.39,366295.0,1988982.0,20.546025625228644,0.4524048061618934,0.6731382791297209,0.2604856109859065,0.4313291098701153,0.2328122460093301,True,5.39,3.6,3.46,4.495,4.1499999999999995,1.0761505470890211,1.7899999999999996,3.286429287631892,8.604615918124559,5.945522602878225,15.88232588865886,17.25959633759675,0.4297657635993765,0.4602845766585782,0.44502517012897735,0.0446824309952053,0.022639042562516865,0.6408860954595373,0.6814718007177755,0.6611789480886564,0.0678194803340132,0.032252183670183565,0.252970103429509,0.2654068418250097,0.2591884726272593,0.021131672228544174,0.007515507556397516,0.4316941429804365,0.4349500375020951,0.4333220902412658,0.04421321403615219,-0.0003650331103212112,0.2233845070540827,0.2315319259105595,0.2274582164823211,0.020978322041793368,0.0094277389552474
2021,2021 - 2022,1. Madhya Pradesh,Dindori,dindori,2.59,2.32,59115.0,152871.0,105.60573926496028,0.4906161627325482,0.6243060402602704,0.2485985559174253,0.3397482384416336,0.186514298229982,True,2.32,1.58,1.03,1.95,1.6433333333333333,0.6473278406907378,0.7399999999999998,72.70372668412753,155.47974719423866,114.0917369391831,16.15592099776717,32.902012580832746,0.4603058734649055,0.5330167077272415,0.4966612905960735,0.032583065502500896,0.03031028926764273,0.591295752945679,0.664038590121326,0.6276671715335025,0.0319695637729156,0.033010287314591324,0.2341503711483157,0.2687168950695209,0.2514336331089183,0.016600788678265643,0.014448184769109612,0.3038659384835301,0.3688081327704454,0.33633703562698775,0.0222874773487986,0.03588229995810349,0.1754947726451067,0.2538036651337911,0.2146492188894489,-0.003987493683936166,0.01101952558487529
2021,2021 - 2022,1. Madhya Pradesh,Guna,guna,4.49,4.74,189953.0,852700.0,36.31461255753928,0.4699041152967319,0.695987500842363,0.2772849369451334,0.4561371934609517,0.2503547104625342,True,4.74,3.96,3.94,4.35,4.213333333333333,0.45621632295801684,0.7800000000000002,29.422383847324355,40.05527138685057,34.738827617087466,15.08608294310553,6.892228710214923,0.4355421790175086,0.4963901070551405,0.46596614303632455,0.04616278396074619,0.03436193627922329,0.6543244542968408,0.7246398992933657,0.6894821767951033,0.06640470478260219,0.04166304654552222,0.2605889658348868,0.2882513981798016,0.2744201820073442,0.02746844377639665,0.01669597111024662,0.4381987634675857,0.4744853354127124,0.456342049440149,0.046315457141560434,0.017938429993366034,0.214532938997039,0.2415910819854986,0.2280620104912688,0.03562320475587563,0.0358217714654952
2021,2021 - 2022,1. Madhya Pradesh,Gwalior,gwalior,3.62,3.94,141866.0,513271.0,41.17826552006482,0.4447888692544351,0.6558494473359434,0.2729807730058912,0.4459104611068694,0.1939405021520659,True,3.94,4.32,3.71,4.13,3.9899999999999998,0.30805843601498745,-0.38000000000000034,30.73752777810177,56.35356245884026,43.54554511847101,12.272142459502067,10.440737741963048,0.4013108362829017,0.4534948390059756,0.42740283764443865,0.04959278552840757,0.04347803297153341,0.5865179183657525,0.6468824136310408,0.6167001659983966,0.08339574298462393,0.0693315289701909,0.2492776464641498,0.2713021263829964,0.2602898864235731,0.030768377124947816,0.023703126541741393,0.3980781864031285,0.4398541484373251,0.4189661674202268,0.058133712360611545,0.04783227470374091,0.1454037446406943,0.1944016713497126,0.16990270799520346,0.042489624414491195,0.0485367575113716
2021,2021 - 2022,1. Madhya Pradesh,Harda,harda,5.33,5.14,100919.0,537900.0,30.935614899250474,0.5108523792488391,0.7704078021458777,0.3125605673630794,0.5622243426362783,0.2339894101785341,True,5.14,3.51,4.36,4.324999999999999,4.336666666666666,0.8152504727587303,1.63,33.39708879856217,44.92614782575926,39.16161831216071,1.7607087846289566,-2.4614738993116987,0.5044557293440581,0.5458995733118096,0.5251776513279338,0.013008832053294339,0.006396649904780949,0.7514548607882732,0.8092491824203067,0.78035202160429,0.014452566637983,0.018952941357604502,0.314886068065753,0.3359950961527309,0.3254405821092419,0.0037451756614494958,-0.0023255007026735663,0.5442085073741044,0.5820408132306041,0.5631246603023543,0.022725713245855927,0.018015835262173874,0.2342581236027989,0.2663707665356596,0.2503144450692293,-0.0006704221552209511,-0.0002687134242647937
2021,2021 - 2022,1. Madhya Pradesh,Hoshangabad,hoshangabad,0.56,5.63,275152.0,154353.0,54.86305543152991,0.5200604687232824,0.7671989336235765,0.2996721428695322,0.5265139529343513,0.2409349906137283,True,5.63,4.72,4.47,5.175,4.94,0.610491605183888,0.9100000000000001,54.03081348737547,62.916161203229066,58.47348734530227,7.880947819563346,0.8322419441544398,0.5138240321954772,0.5481059594355775,0.5309649958155274,0.0101464370564609,0.006236436527805145,0.7528071893825667,0.788966684012344,0.7708869366974553,0.015270711438930662,0.014391744241009752,0.3026636630633572,0.3200235382343087,0.31134360064883293,-0.0016416148906358563,-0.0029915201938249814,0.5157084026981367,0.5234682533955005,0.5195883280468185,0.01833932885658207,0.010805550236214656,0.2286520039429672,0.2718869582236584,0.2502694810833128,0.0062317189826505415,0.012282986670761109
2021,2021 - 2022,1. Madhya Pradesh,Indore,indore,5.41,6.01,202063.0,1093161.0,26.14489166321714,0.4800019031092165,0.7249551322678942,0.2789007157709751,0.480756549799009,0.253667768351558,True,6.01,5.15,4.13,5.58,5.096666666666667,0.9411340676722596,0.8599999999999994,12.3856068913721,19.30918556530364,15.847396228337871,16.033757333043354,13.75928477184504,0.4775776493728115,0.5092412306631731,0.49340944001799225,0.025986322419653984,0.00242425373640498,0.704218892145834,0.7539506422907167,0.7290847672182754,0.03631418280180643,0.020736240122060212,0.2876477908593206,0.3075919746646998,0.2976198827620102,0.004883068686404257,-0.00874707508834549,0.4913667189067739,0.5081645861837389,0.4997656525452564,0.02300161053696026,-0.01061016910776491,0.2472596189036513,0.2586961390966948,0.25297787900017304,0.016732017766699664,0.006408149447906714
2021,2021 - 2022,1. Madhya Pradesh,Jabalpur,jabalpur,3.92,3.83,202130.0,792754.0,68.7196233141368,0.47871174900334,0.6778121257959496,0.2735913712654537,0.4265583023460703,0.2596012856143747,True,3.83,4.32,3.97,4.075,4.04,0.25238858928247937,-0.4900000000000002,57.46322716091824,87.55860799284113,72.51091757687968,11.016883098862529,11.25639615321856,0.4703897105530532,0.512978648485765,0.4916841795194091,0.014802725763386593,0.00832203845028684,0.6550722746287511,0.7084924646655728,0.6817823696471619,0.02580912694835913,0.022739851167198566,0.269668244685002,0.2879462786565612,0.2788072616707816,0.010680396283691107,0.003923126580451686,0.4118406437775823,0.4449392875699262,0.4283899656737542,0.016875775505415302,0.014717658568488001,0.2450302229857321,0.2807710467304237,0.2629006348580779,0.0015474080158121573,0.014571062628642578
2021,2021 - 2022,1. Madhya Pradesh,Jhabua,jhabua,3.23,3.1,91815.0,296746.0,13.286465905726777,0.4198346266633626,0.6019538218833833,0.2329981668485989,0.3551013567686667,0.2455789423149024,True,3.1,2.84,2.72,2.9699999999999998,2.8866666666666667,0.19425069712444618,0.26000000000000023,1.5242083132529645,4.2487046692653125,2.8864564912591386,10.445229880840191,11.762257592473812,0.3866671767195143,0.4133561204276686,0.40001164857359145,0.05866055952143051,0.03316744994384829,0.5491747763225798,0.5965458612364446,0.5728603187795123,0.09154170782995652,0.052779045560803484,0.2161927885094998,0.231398699175282,0.2237957438423909,0.030287547560684136,0.016805378339099092,0.3396745541208205,0.3574402840772114,0.34855741909901594,0.054388090418538704,0.015426802647846238,0.2378468164366811,0.2429199743756535,0.2403833954061673,0.017704347451188623,0.007732125878221308
2021,2021 - 2022,1. Madhya Pradesh,Katni,katni,3.8,3.62,185660.0,706436.0,67.86503111719513,0.4528346321508056,0.6586290861292045,0.2661524156553383,0.4186053149107135,0.2508579269027469,True,3.62,3.47,3.31,3.545,3.466666666666667,0.15502687938977983,0.1499999999999999,53.90389006607777,101.46213746931612,77.68301376769695,6.909994023602231,13.961141051117359,0.4459595799278899,0.5088430148149364,0.4774012973714132,0.007942932648721479,0.0068750522229156785,0.6347494877029422,0.7135228814420592,0.6741361845725007,0.02668546254857329,0.023879598426262305,0.2571524280345854,0.2937705612285863,0.27546149463158587,0.009314762034929591,0.008999987620752936,0.4021928442385272,0.4620932468068339,0.43214304552268057,0.01953754492775006,0.01641247067218632,0.2371734409816613,0.2794463148381583,0.2583098779099098,0.0006836877560952859,0.013684485921085593
2021,2021 - 2022,1. Madhya Pradesh,Khandwa,khandwa,2.85,2.54,171413.0,488870.0,26.699789745447177,0.3924265065029378,0.6256521988215341,0.210586217628348,0.3776854170974535,0.231336261872379,True,2.54,3.2,2.94,2.87,2.893333333333333,0.33246553706111165,-0.6600000000000001,24.212390567187686,39.46199291492383,31.83719174105576,3.3534797750239527,2.4873991782594906,0.3614459983712944,0.4272370504773139,0.39434152442430415,0.03150985893664632,0.030980508131643436,0.5753327145696991,0.6548448820968956,0.6150887983332973,0.06773181622458835,0.05031948425183497,0.1936205295631479,0.2287224141488628,0.21117147185600535,0.014069191119197522,0.016965688065200102,0.3402554800046629,0.377773244886022,0.35901436244534246,0.05513283857021828,0.03742993709279063,0.2324427566917342,0.2626342267151368,0.2475384917034355,0.002805854617944248,-0.0011064948193552082
2021,2021 - 2022,1. Madhya Pradesh,Khargone,khargone,4.27,4.35,197281.0,842193.0,26.70994608016381,0.420579930155015,0.6354331047423033,0.2298367137073128,0.3900788176786119,0.2426145553646562,True,4.35,4.1,3.89,4.225,4.113333333333333,0.2302896726588781,0.25,14.526757615074208,22.992307171799144,18.759532393436675,12.993088395942374,12.183188465089602,0.3967865591718564,0.4552249745607831,0.42600576686631975,0.031705246665159004,0.02379337098315859,0.5936482725699622,0.6787969655544781,0.6362226190622202,0.06326632441216784,0.04178483217234108,0.2217661052356867,0.2591725252102863,0.24046931522298648,0.00930839245152032,0.008070608471626078,0.3822612708515097,0.4064835543979413,0.3943724126247255,0.03985626613666243,0.007817546827102229,0.2417330329693131,0.2572644732343699,0.2494987531018415,0.011272477066507303,0.000881522395343115
2021,2021 - 2022,1. Madhya Pradesh,Mandla,mandla,2.28,3.25,70707.0,161495.0,105.71666318025792,0.4682001089867836,0.6302261649092399,0.2403960830796752,0.3498916403645621,0.256235772121797,True,3.25,1.95,2.31,2.6,2.5033333333333334,0.6712177987310328,1.3,74.82777454836034,137.39882495688525,106.1132997526228,19.592538509537064,30.888888631897586,0.4406285324721686,0.5073015427657606,0.4739650376189646,0.030482690340250918,0.027571576514615004,0.597148686919983,0.6622022652004574,0.6296754760602202,0.038089940841192216,0.033077477989256865,0.2211244727655037,0.2543496420693574,0.23773705741743056,0.017786243230641013,0.01927161031417149,0.3049208901480277,0.3684899531035742,0.33670542162580097,0.02990252918649322,0.044970750216534405,0.243926484937083,0.3062152874701522,0.2750708862036176,-0.0022692347752644726,0.012309287184713996
2021,2021 - 2022,1. Madhya Pradesh,Mandsaur,mandsaur,3.78,3.62,214793.0,811489.0,34.8239353805307,0.4374189271958312,0.6633030154091641,0.2494135722153394,0.4204672906427463,0.2596181723972794,True,3.62,5.62,4.3,4.62,4.513333333333333,1.016923464835645,-2.0,14.748946657652091,23.31475591293575,19.031851285293918,18.214909204876005,20.074988722878608,0.3849544162970163,0.4404715565764566,0.4127129864367365,0.03952985728844072,0.052464510898814876,0.5741508659708766,0.6670485693140386,0.6205997176424576,0.06811294782982857,0.08915214943828753,0.2183402663579037,0.2514482110912011,0.2348942387245524,0.017887297902427046,0.0310733058574357,0.358025749064456,0.4267979420675231,0.3924118455659895,0.04623501070948827,0.062441541578290294,0.2406923928376131,0.2399003431954858,0.24029636801654947,0.029730253620231545,0.018925779559666317
2021,2021 - 2022,1. Madhya Pradesh,Morena,morena,4.25,4.0,86097.0,365654.0,40.57276389892839,0.4399906381907561,0.6298556526104215,0.2870564990273364,0.4398114564129212,0.1916331744573199,True,4.0,3.58,4.05,3.79,3.8766666666666665,0.2581343319539911,0.41999999999999993,30.130980661351323,61.73569232671074,45.93333649403103,8.18174397152088,10.44178323757707,0.4154560151684463,0.4591441223335071,0.4373000687509767,0.028300775918746135,0.0245346230223098,0.5915339840146817,0.6352931058342777,0.6134135449244797,0.0495660939872139,0.03832166859573982,0.2775165520642315,0.2925247263882386,0.28502063922623505,0.01890722197160799,0.009539946963104895,0.4292496730866004,0.446179208967269,0.4377144410269347,0.026022835367673636,0.010561783326320795,0.152951592660708,0.2017411955732455,0.17734639411697675,0.035694225897798804,0.03868158179661188
2021,2021 - 2022,1. Madhya Pradesh,Narsinghpur,narsinghpur,4.23,4.21,147372.0,623091.0,66.48279745378683,0.4814658719297379,0.6558994435541243,0.2737604835047031,0.4055617381651947,0.2606500568195386,True,4.21,4.86,3.66,4.535,4.243333333333333,0.6006940430313368,-0.6500000000000004,59.71907275199335,77.85628173593062,68.78767724396198,8.624416225701694,6.763724701793478,0.4805286955664146,0.5155141685018577,0.4980214320341362,0.007525785576633415,0.0009371763633232999,0.6526672722567861,0.6900392229606471,0.6713532476087166,0.011796296546087492,0.0032321712973382155,0.2668478824346488,0.2867600512327877,0.2768039668337182,0.00895255547772078,0.006912601070054314,0.3979087178209447,0.4184319932703023,0.40817035554562353,0.013896190063008185,0.007653020344249972,0.2502966649238172,0.2853983731764331,0.26784751905012516,0.0020033159666269507,0.010353391895721431
2021,2021 - 2022,1. Madhya Pradesh,Neemuch,neemuch,4.16,2.66,88702.0,368557.0,30.21522472504332,0.4407900342654898,0.6291241429301858,0.2478959619104614,0.3800272554373243,0.2100417759395896,True,2.66,4.74,4.19,3.7,3.8633333333333333,1.0777909506640577,-2.08,10.822595005665198,17.411699097343597,14.117147051504396,17.96025342760864,19.39262971937812,0.3657506524735894,0.4289144924547506,0.39733257246417,0.06242850647305498,0.0750393817919004,0.5070800509893187,0.6255328462695823,0.5663064486294505,0.09457399267366573,0.12204409194086707,0.208568548037439,0.2459413965900918,0.2272549723137654,0.025457566528874043,0.03932741387302241,0.3124483543114801,0.3910212853260044,0.3517348198187422,0.04780734986269897,0.06757890112584419,0.1773381363915049,0.1848648849328268,0.18110151066216584,0.04075145298112198,0.032703639548084695
2021,2021 - 2022,1. Madhya Pradesh,Niwari,niwari,2.82,2.59,69146.0,195131.0,46.534995457232746,0.4596805085035699,0.6789841080636857,0.2916877024439221,0.4606730275612901,0.1919628258419613,True,2.59,3.15,,2.87,2.87,0.39597979746446665,-0.56,40.61205635890588,61.74751400182328,51.17978518036458,-4.6447897231318365,5.922939098326864,0.4337616049239622,0.4867584137557051,0.4602600093398337,-0.000579500836263791,0.02591890357960769,0.6463237569635776,0.7265571322720851,0.6864404446178314,-0.007456336554145682,0.03266035110010812,0.274359626896545,0.2997754052101938,0.2870675160533694,0.004620186390552727,0.017328075547377142,0.4453820645812271,0.4995418807729321,0.47246197267707957,-0.011788945115789484,0.015290962980062994,0.1425681609778677,0.2005836651321955,0.17157591305503161,0.020386912786929695,0.04939466486409361
2021,2021 - 2022,1. Madhya Pradesh,Panna,panna,2.82,2.43,137911.0,388909.0,60.17131144200116,0.4223483851915576,0.6137314496393385,0.24621373670206,0.3872925052259703,0.1757920534413727,True,2.43,2.47,2.71,2.45,2.5366666666666666,0.15143755588800717,-0.040000000000000036,48.40633741683144,85.77864869827292,67.09249305755218,8.262925808103361,11.764974025169721,0.400167418772185,0.4662422621303246,0.4332048404512548,0.02336010298908542,0.022180966419372616,0.5835179297599129,0.6743587746260296,0.6289383521929712,0.038672488807471206,0.030213519879425554,0.2231961480742728,0.2623270588373467,0.24276160345580974,0.018502075523010697,0.023017588627787217,0.3412606785271505,0.4234296535373232,0.38234516603223684,0.034737069448586844,0.04603182669881983,0.143077584054203,0.203299984029455,0.17318878404182902,0.019399116303914388,0.03271446938716968
2021,2021 - 2022,1. Madhya Pradesh,Raisen,raisen,3.35,3.46,285040.0,954599.0,46.880463050725055,0.4613710981616085,0.708632146021974,0.2634596444309364,0.4466548274198423,0.2183565185163443,True,3.46,4.07,3.19,3.765,3.5733333333333337,0.4508140784551138,-0.6100000000000003,42.82397865499566,59.24320356379528,51.03359110939547,10.713726524627042,4.056484395729392,0.4477779038119951,0.5015350974766634,0.47465650064432924,0.015172267499945213,0.013593194349613369,0.6817369680999864,0.7382552490270106,0.7099961085634985,0.040252801569049645,0.02689517792198759,0.2538138222272911,0.2856464554822384,0.2697301388547647,0.005095979345823343,0.009645822203645293,0.4431559525083904,0.4658633447454235,0.45450964862690696,0.01736080792709105,0.003498874911451899,0.2118410759870236,0.2379620168924613,0.22490154643974244,0.008086455603616177,0.0065154425293207086
2021,2021 - 2022,1. Madhya Pradesh,Rajgarh,rajgarh,3.38,3.24,335541.0,1132786.0,28.58207879270002,0.478957567697323,0.7256726095496796,0.2762598396456525,0.4668890761215107,0.2677657891897039,True,3.24,2.86,3.52,3.05,3.2066666666666666,0.33126021996812927,0.38000000000000034,22.203935474871034,35.10812165088677,28.6560285628789,10.742933564396733,6.378143317828986,0.4570747554306217,0.5029347229504072,0.48000473919051445,0.05075820006249132,0.0218828122667013,0.6985472308120225,0.7330037404906302,0.7157754856513263,0.08297765432628035,0.02712537873765708,0.2713387000590262,0.2957118691469664,0.2835252846029963,0.02707600334671681,0.004921139586626266,0.4689048722731736,0.481806433154382,0.4753556527137778,0.052957437600754,-0.0020157961516629186,0.254966467993792,0.2704256374843067,0.2626960527390494,0.01881522438480912,0.012799321195911872
2021,2021 - 2022,1. Madhya Pradesh,Ratlam,ratlam,4.78,5.01,223781.0,1070792.0,19.10265650789388,0.4666147242912676,0.6829266779368072,0.2666089015516459,0.4287140014452482,0.2753750904379891,True,5.01,3.62,3.05,4.3149999999999995,3.893333333333333,1.008183184413097,1.3899999999999997,6.586533657936896,10.82560585574601,8.706069756841453,11.90798544675085,12.516122849956982,0.4496007897253799,0.4718625933540358,0.46073169153970783,0.03895919157992356,0.01701393456588768,0.6554391172017102,0.6927175738924696,0.6740783455470899,0.0556426239921316,0.02748756073509695,0.2625433816032205,0.2731868276318842,0.2678651046175523,0.015501467419151482,0.004065519948425411,0.4280017005733986,0.4493775824807182,0.43868964152705836,0.03149564131560312,0.0007123008718495916,0.2685913253205538,0.2643428591237559,0.2664670922221548,0.01957584600076978,0.006783765117435281
2021,2021 - 2022,1. Madhya Pradesh,Rewa,rewa,2.86,2.58,353260.0,1010324.0,48.698661615635125,0.4390199535765016,0.6140336989348049,0.258642816886397,0.3885037209902565,0.1690945551231451,True,2.58,3.14,3.01,2.8600000000000003,2.91,0.29308701779505686,-0.56,41.834234346269575,94.78867470697774,68.31145452662366,-3.7254791646037404,6.8644272693655495,0.4180068181284668,0.4842706025523988,0.4511387103404328,0.022653570117699695,0.021013135448034792,0.583777173815662,0.6597351678705466,0.6217561708431043,0.0385086539303191,0.030256525119142896,0.2465537190790145,0.2897009762420148,0.26812734766051466,0.01150469927625275,0.012089097807382515,0.3687377051321263,0.4350966601986044,0.40191718266536536,0.01819135205654665,0.019766015858130204,0.1439483914742583,0.2115681532383364,0.17775827235629735,0.007709657646581325,0.025146163648886805
2021,2021 - 2022,1. Madhya Pradesh,Sagar,sagar,2.77,2.85,342766.0,947748.0,56.39689885355116,0.4503561119493247,0.6717510133835511,0.2618636763979118,0.4206161059624468,0.2520010801042249,True,2.85,3.33,2.5,3.09,2.893333333333333,0.41669333248005463,-0.48,50.51569289724339,66.53610423038087,58.525898563812135,14.292616309919303,5.881205956307767,0.4383641751218138,0.4908312915899727,0.46459773335589327,0.016863076079711714,0.011991936827510874,0.6663325621987211,0.7257110650088069,0.6960218136037639,0.0296301876693289,0.0054184511848300865,0.2496257444427067,0.2812217215426176,0.26542373299266214,0.011551373208333326,0.012237931955205117,0.4188689445376267,0.4621923674675036,0.44053065600256514,0.014406819884334177,0.0017471614248201206,0.240992304695115,0.2654314349243639,0.2532118698097394,0.010857499516852304,0.011008775409109883
2021,2021 - 2022,1. Madhya Pradesh,Satna,satna,1.14,2.66,319360.0,365466.0,61.052875412842624,0.4493372663312573,0.64670734163581,0.2675322262608573,0.4174470271173469,0.1729474290615628,True,2.66,3.2,3.68,2.93,3.18,0.510294032886923,-0.54,47.74749159009328,97.49158616206012,72.6195388760767,5.256331068283096,13.305383822749342,0.4293802362005689,0.4873038870967549,0.45834206164866187,0.029766847626913506,0.01995703013068839,0.6184073093151154,0.6893098443015805,0.653858576808348,0.04940757311181354,0.028300032320694557,0.2495492944945652,0.2870258851994799,0.26828758984702256,0.020881153496680377,0.01798293176629212,0.3874308853968953,0.4484794158611306,0.41795515062901295,0.03606064882574411,0.030016141720451583,0.1478487820246727,0.2201408063841129,0.1839947942043928,0.007856119500198655,0.025098647036890104
2021,2021 - 2022,1. Madhya Pradesh,Sehore,sehore,3.44,3.3,334767.0,1150929.0,39.27296229871188,0.4797416914279966,0.7379819855843378,0.2801922666846952,0.4888941062073484,0.2414423834170071,True,3.3,3.62,3.09,3.46,3.3366666666666664,0.26689573494781327,-0.3200000000000003,32.898409640494386,43.61596665541229,38.257188147953336,14.082293690070308,6.374552658217496,0.4652012538016636,0.5211897179508421,0.49319548587625284,0.026760028019497728,0.014540437626333003,0.7162519085527677,0.7678051345526559,0.7420285215527118,0.047909092851705304,0.02173007703157015,0.2772803770077059,0.3138663315648931,0.2955733542862995,0.008708638452275375,0.002911889676989299,0.4951018460825294,0.5284685937336987,0.5117852199081141,0.026769585620463054,-0.006207739875180973,0.2444845069315003,0.264484617692318,0.2544845623119092,0.005123777939528951,-0.0030421235144932057
2021,2021 - 2022,1. Madhya Pradesh,Seoni,seoni,4.23,4.37,259843.0,1099656.0,83.95638435130566,0.4449811640683105,0.6334612724099986,0.2412046058187668,0.3882135912270155,0.2541291268115014,True,4.37,4.32,3.09,4.345000000000001,3.926666666666667,0.7250057471036582,0.04999999999999982,74.79276229015646,103.75193698541251,89.27234963778449,7.557959230885174,9.163622061149198,0.429822465711722,0.5014153001376094,0.4656188829246657,0.018121813218295313,0.015158698356588507,0.6132191965080601,0.6785004223158376,0.6458598094119489,0.03186458687058835,0.020242075901938494,0.2303350685499058,0.2679629698648188,0.24914901920736232,0.009778766011818624,0.010869537268861001,0.3556666527307217,0.4021759282035247,0.3789212904671232,0.03498183713656916,0.03254693849629381,0.2413175576043309,0.3098878355089014,0.2756026965566162,-0.0020284127669039087,0.012811569207170498
2021,2021 - 2022,1. Madhya Pradesh,Shahdol,shahdol,2.09,1.88,69279.0,144724.0,86.66262867074724,0.4342255363713804,0.5607088216858291,0.2376840843351831,0.3197107618792393,0.21325940161284,True,1.88,2.48,2.42,2.1799999999999997,2.26,0.33045423283716613,-0.6000000000000001,63.78024961671544,145.59478974298707,104.68751967985125,7.736784184312469,22.8823790540318,0.4127217754557056,0.4932917387505189,0.4530067571031122,0.02184592484011788,0.021503760915674797,0.5414474378918831,0.6231685233712524,0.5823079806315677,0.017785753618762667,0.01926138379394604,0.2295819388685544,0.2700182000130836,0.249800069440819,0.009475473626048975,0.008102145466628685,0.3065853529464248,0.3651542667793538,0.3358698098628893,0.0059330100872779234,0.013125408932814497,0.1975445631296931,0.2617769371081428,0.22966075011891796,-0.0020654467719973812,0.015714838483146892
2021,2021 - 2022,1. Madhya Pradesh,Shajapur,shajapur,3.28,3.24,216701.0,711429.0,33.32196843238085,0.4927826307555775,0.7411841849718601,0.2877943814818781,0.4812548096954414,0.2731596061803802,True,3.24,5.39,2.82,4.3149999999999995,3.8166666666666664,1.3786345902135682,-2.1499999999999995,22.82593537594921,35.99447765628052,29.41020651611487,13.673809759790121,10.496033056431639,0.4841750045871015,0.5345645834099716,0.5093697939985365,0.031658659748676155,0.00860762616847599,0.7435155871557777,0.7743765573353808,0.7589460722455792,0.04099660524406967,-0.002331402183917586,0.2951281265351888,0.3258732691336297,0.31050069783440926,0.01199647200881665,-0.007333745053310692,0.5206673114365765,0.5308513387660068,0.5257593251012916,0.01714806626218096,-0.03941250174113514,0.267429109782095,0.2775990598103715,0.27251408479623324,0.017481147242622785,0.005730496398285212
2021,2021 - 2022,1. Madhya Pradesh,Sheopur,sheopur,5.02,5.47,87814.0,440475.0,29.28481029966408,0.449714239557913,0.6638259684075877,0.2607841806589009,0.4170902884154819,0.2261924803625443,True,5.47,4.5,4.32,4.984999999999999,4.763333333333333,0.6185736280616343,0.9699999999999998,12.717450678409948,30.13892318912341,21.42818693376668,12.59042833499009,16.567359621254134,0.3706575190252483,0.4352869871099692,0.40297225306760875,0.07178455888713892,0.07905672053266471,0.5251285284847643,0.6367304633518879,0.5809294959183261,0.12630886112394546,0.13869743992282335,0.2199116980331613,0.2465214288682996,0.23321656345073044,0.03992890020204759,0.040872482625739615,0.332218954558085,0.3943461981509815,0.3632825763545332,0.07991236624219827,0.08487133385739692,0.1743660957104878,0.1996575710120922,0.18701183336129001,0.05309816972832321,0.051826384652056495
2021,2021 - 2022,1. Madhya Pradesh,Shivpuri,shivpuri,3.31,2.96,262403.0,868554.0,39.35797227186883,0.453504414893277,0.6578844049669164,0.2697663412136706,0.4264451376427874,0.2291953013571367,True,2.96,2.73,3.1,2.8449999999999998,2.9299999999999997,0.18681541692269407,0.22999999999999998,26.927318471800263,41.69145985474404,34.30938916327215,16.95718317714173,12.43065380006857,0.3948171793111311,0.4604595241361989,0.427638351723665,0.06362366589964846,0.05868723558214589,0.5771401119875704,0.6628738150203838,0.6200069635039771,0.0973060374703042,0.08074429297934593,0.235623951817901,0.26658439983485,0.2511041758263755,0.038366710188340675,0.03414238939576961,0.3732017305906083,0.4272656485529004,0.4002336895717543,0.0688161508013112,0.053243407052179115,0.1753232867010852,0.2238948623169219,0.19960907450900356,0.04379175719956338,0.05387201465605149
2021,2021 - 2022,1. Madhya Pradesh,Sidhi,sidhi,2.53,2.33,122149.0,308671.0,56.379516021532105,0.4842638348173835,0.6145398026830934,0.2699297504647456,0.3549903041129443,0.2242465434066533,True,2.33,2.37,3.03,2.35,2.5766666666666667,0.393107279674815,-0.040000000000000036,48.47651451434856,112.74151595346352,80.60901523390604,-6.116278514255129,7.903001507183546,0.4694502275101653,0.5436510326471518,0.5065506300786585,0.013025813196495706,0.014813607307218202,0.6082213302327328,0.675938302667173,0.6420798164499529,0.009392231898355141,0.006318472450360546,0.2669196304540587,0.3063778946310317,0.28664876254254523,0.00419236936285633,0.003010120010686901,0.3599882526405716,0.4106486730614063,0.3853184628509889,-0.006699053628553442,-0.004997948527627305,0.2013423107709692,0.2635551745175198,0.2324487426442445,0.002837574612681887,0.022904232635684085
2021,2021 - 2022,1. Madhya Pradesh,Singrauli,singrauli,4.06,5.6,92730.0,376113.0,71.11214677979999,0.4224619275682734,0.5467680727705866,0.2321290593665853,0.3201228071014472,0.1691091481582615,True,5.6,4.83,2.73,5.215,4.386666666666667,1.4854741106237204,0.7699999999999996,54.29795500443679,140.43394086225112,97.36594793334396,-4.121921503962554,16.8141917753632,0.4011394779594125,0.4800406294324926,0.44059005369595255,0.018045481424888432,0.02132244960886087,0.5270515436900459,0.5987031268083128,0.5628773352491794,0.017960776293414527,0.019716529080540668,0.2246975766516772,0.2675370573333887,0.24611731699253292,0.006680933512995729,0.007431482714908094,0.3091643017322729,0.3619638800318072,0.33556409088204003,0.008114278071243541,0.01095850536917431,0.1456628647847585,0.2084978655965724,0.17708036519066545,0.0051536382700412,0.02344628337350299
2021,2021 - 2022,1. Madhya Pradesh,Tikamgarh,tikamgarh,3.0,2.88,192366.0,577098.0,46.534995457232746,0.4596805085035699,0.6789841080636857,0.2916877024439221,0.4606730275612901,0.1919628258419613,True,2.88,3.07,2.83,2.9749999999999996,2.9266666666666663,0.12662279942148377,-0.18999999999999995,40.61205635890588,61.74751400182328,51.17978518036458,11.197811593875223,5.922939098326864,0.4337616049239622,0.4867584137557051,0.4602600093398337,0.04803202013415947,0.02591890357960769,0.6463237569635776,0.7265571322720851,0.6864404446178314,0.0796062409298035,0.03266035110010812,0.274359626896545,0.2997754052101938,0.2870675160533694,0.03367917534559822,0.017328075547377142,0.4453820645812271,0.4995418807729321,0.47246197267707957,0.05278653757394869,0.015290962980062994,0.1425681609778677,0.2005836651321955,0.17157591305503161,0.036402194983439606,0.04939466486409361
2021,2021 - 2022,1. Madhya Pradesh,Ujjain,ujjain,3.59,3.4,412568.0,1480706.0,27.570113010839734,0.5130394753478333,0.764324258873402,0.3104046930332386,0.519497749302301,0.273884671392977,True,3.4,4.32,2.65,3.8600000000000003,3.456666666666667,0.8364408725865408,-0.9200000000000004,12.219623617084515,24.67275391141125,18.446188764247882,15.469640973343155,15.350489393755218,0.5106452563769476,0.5434548798134542,0.5270500680952008,0.03136359561254082,0.002394218970885764,0.7632169769227234,0.7940946588764664,0.7786558178995948,0.038787755735041896,0.0011072819506786624,0.3179622257670767,0.3314614336163874,0.32471182969173207,0.015110342768574647,-0.007557532733838135,0.5361377472367912,0.5504018139942798,0.5432697806155355,0.030688232459538167,-0.016639997934490225,0.2666910532833454,0.267256640505097,0.2669738468942212,0.018664961470697017,0.007193618109631594
2021,2021 - 2022,1. Madhya Pradesh,Umaria,umaria,2.07,1.86,70583.0,146319.0,74.59473028542978,0.4751348390065019,0.6268179835116678,0.2622206049381875,0.3598487831519367,0.2492046098472247,True,1.86,1.97,2.24,1.915,2.0233333333333334,0.19553345834749963,-0.10999999999999988,59.56988371572542,120.03270687485885,89.80129529529214,4.721334702887219,15.024846569704359,0.4585345687231675,0.5339240704357725,0.49622931957947003,0.01436615935601887,0.016600270283334384,0.6138321354982093,0.6851077663273476,0.6494699509127784,0.01676292304685123,0.01298584801345859,0.2508295484574833,0.2913104077425841,0.2710699781000337,0.008731986756053911,0.01139105648070421,0.3486939415729557,0.4157952462293546,0.38224459390115517,0.0022139645692914045,0.011154841578981,0.2337965814673529,0.2862478000934988,0.2600221907804259,-0.0023575111795425263,0.015408028379871791
2021,2021 - 2022,1. Madhya Pradesh,Vidisha,vidisha,3.41,3.07,374697.0,1277716.0,38.8605618039706,0.4903154349490727,0.7580073263274077,0.2939979906233768,0.505792074882046,0.2517587300968055,True,3.07,2.92,2.61,2.995,2.8666666666666667,0.23459184413217207,0.1499999999999999,38.11682154015778,48.31658234572232,43.21670194294005,10.691009263242368,0.7437402638128177,0.4723378757485644,0.5214657527838766,0.4969018142662205,0.02557347519524339,0.01797755920050831,0.7537451846201612,0.7954980892234057,0.7746216369217834,0.0346663056507126,0.004262141707246592,0.2845972094438038,0.3168062282374869,0.30070171884064534,0.010639479866518642,0.009400781179572992,0.5260702776528329,0.5409984669491233,0.5335343723009781,0.01091853302506024,-0.020278202770786846,0.2420255819837905,0.2705885431481598,0.25630706256597513,0.012277430369591724,0.009733148113014983
2022,2022 - 2023,1. Madhya Pradesh,Agar malwa,agarmalwa,2.64,2.54,124362.0,328316.0,23.501329570917544,0.4672829211920665,0.6911385307537412,0.2744485724672184,0.4653094045363886,0.2545436638080331,True,2.54,2.23,4.5,2.385,3.09,1.2308939840619906,0.31000000000000005,23.771330888696333,14.54256442133012,19.156947655013226,9.32237109402324,-0.2700013177787888,0.4653689141027692,0.4415496881538034,0.4534593011282863,0.04113811876155782,0.0019140070892972871,0.6861318830787717,0.655701543212567,0.6709167131456694,0.06758298900798254,0.0050066476749695,0.267139915449654,0.2588726023318051,0.26300625889072954,0.028456703000640182,0.007308657017564391,0.4399255204728625,0.4293223580615823,0.4346239392672224,0.07090704297810713,0.025383884063526096,0.2796045307820544,0.2697709350833021,0.27468773293267823,-0.008255254901228137,-0.025060866974021268
2022,2022 - 2023,1. Madhya Pradesh,Alirajpur,alirajpur,2.86,2.86,32899.0,93960.0,4.456508934197736,0.4059759116773455,0.5401315411644371,0.2301217749188805,0.3230526883888425,0.1976155375258474,True,2.86,2.74,2.3,2.8,2.6333333333333333,0.2948445918332798,0.11999999999999966,12.774254861373644,1.3942531259684128,7.0842539936710285,-1.1334003232982104,-8.317745927175906,0.4396141779593488,0.404321694154808,0.4219679360570784,0.015205059717152414,-0.03363826628200334,0.5976776570207364,0.5352476335847658,0.566462645302751,0.010784017945845492,-0.05754611585629932,0.2467468366519839,0.229441660899074,0.23809424877552895,0.006545026215872968,-0.016625061733103408,0.3494792596802107,0.3277718637450827,0.3386255617126467,0.012332746094541103,-0.026426571291368217,0.2254881188654532,0.2162252643238588,0.22085669159465598,-0.006155130674081494,-0.027872581339605795
2022,2022 - 2023,1. Madhya Pradesh,Anuppur,anuppur,2.25,2.16,17496.0,39453.0,92.2985437188868,0.4292401229866107,0.5604672541970522,0.2402439988300218,0.3192646230531693,0.1527940547032618,True,2.16,1.58,1.62,1.87,1.7866666666666668,0.3239341496868358,0.5800000000000001,103.91549528578126,69.07997317217797,86.49773422897962,0.8314903647645906,-11.616951566894457,0.4181991953388205,0.4038517770082056,0.4110254861735131,0.03480939452947418,0.011040927647790189,0.536885475498932,0.5146729366664801,0.525779206082706,0.03842288328580579,0.02358177869812028,0.2342320700033878,0.2315795072471462,0.232905788625267,0.0165699483290897,0.006011928826633983,0.3181382612634615,0.2978854426999416,0.30801185198170156,0.010157978060008177,0.0011263617897078193,0.1729010610778732,0.1579345312839097,0.16541779618089145,-0.01896538450243887,-0.020107006374611408
2022,2022 - 2023,1. Madhya Pradesh,Ashoknagar,ashoknagar,3.55,3.55,119624.0,424426.0,39.79866132015752,0.467014328585526,0.7148274782127905,0.278990890648947,0.4728039258413136,0.244248431228004,True,3.55,3.38,3.83,3.465,3.5866666666666664,0.22722969289539027,0.16999999999999993,38.70991482257302,33.96645042790507,36.33818262523904,13.34993558067561,1.088746497584502,0.4679979186682027,0.4408925969249483,0.4544452577965755,0.03225201424744739,-0.0009835900826766775,0.7053140461165894,0.6786335414222808,0.6919737937694351,0.055827574514664136,0.009513432096201035,0.2804198625879651,0.2599959741130233,0.2702079183504942,0.02112463023978106,-0.0014289719390180866,0.4639442015424571,0.4438198488025647,0.45388202517251086,0.04438882223884205,0.008859724298856508,0.266165034155071,0.2412812140049175,0.25372312407999426,-0.0019420107433234524,-0.021916602927066986
2022,2022 - 2023,1. Madhya Pradesh,Balaghat,balaghat,2.15,2.05,50476.0,108624.0,93.97425862852792,0.5456616051008891,0.6792843434479403,0.2960196605420772,0.3975425118980161,0.2298972756128093,True,2.05,2.71,1.65,2.38,2.1366666666666667,0.5352880844305553,-0.6600000000000001,93.7421757403657,69.21804095260093,81.48010834648332,9.322272328186699,0.23208288816222478,0.535999021041095,0.5218850249556932,0.5289420229983941,0.02743290241604346,0.009662584059794144,0.6687370572683747,0.6537579163199285,0.6612474867941516,0.02245065888111719,0.010547286179565574,0.2889315017065645,0.2755950782346467,0.28226328997060557,0.01834145978006685,0.00708815883551267,0.3952948221105117,0.3507134523612932,0.3730041372359024,0.025471217939015967,0.002247689787504392,0.2496379879678187,0.227938446879081,0.23878821742344986,-0.01384207479834576,-0.019740712355009404
2022,2022 - 2023,1. Madhya Pradesh,Barwani,barwani,3.85,3.85,110752.0,426174.0,11.600671302538291,0.3851700584491819,0.5292418744415206,0.2049127503408629,0.3077441599704861,0.1867784207258356,True,3.85,4.19,4.11,4.0200000000000005,4.050000000000001,0.17776388834631193,-0.3400000000000003,21.069837848821244,10.825429014045367,15.947633431433307,-0.38789852498558197,-9.469166546282953,0.3958785148004399,0.3681891404435513,0.38203382762199556,0.029904593957697068,-0.010708456351258,0.5742980565259442,0.5194553099880965,0.5468766832570204,0.0261632566566129,-0.045056182084423635,0.2129506228400181,0.2000276180641725,0.20648912045209528,0.008904009833663323,-0.00803787249915519,0.3360778397808928,0.3073992602009955,0.32173854999094414,0.015187017509571632,-0.028333679810406687,0.2037321393884206,0.2002240164805559,0.20197807793448824,7.83219102591659e-05,-0.01695371866258502
2022,2022 - 2023,1. Madhya Pradesh,Betul,betul,2.86,2.86,281813.0,807394.0,66.35900841822514,0.4715121553883258,0.6639622247897482,0.2488574553412139,0.3798040987205395,0.1827015214583909,True,2.86,3.29,2.62,3.075,2.9233333333333333,0.33946035605550956,-0.43000000000000016,53.1764076151741,58.25312929770779,55.71476845644094,12.649854637730812,13.182600803051045,0.4630839141601544,0.4299690723094548,0.4465264932348046,0.0432271402381767,0.00842824122817143,0.6701447640510222,0.6204004656259344,0.6452726148384783,0.0484249149728857,-0.006182539261273989,0.2474670977345227,0.226249980487523,0.23685853911102284,0.01811685447477404,0.001390357606691206,0.3915165865951456,0.3499895886638158,0.37075308762948067,0.030977767143400836,-0.011712487874606103,0.1887164092464666,0.1715832559701572,0.1801498326083119,0.003547225630246953,-0.006014887788075712
2022,2022 - 2023,1. Madhya Pradesh,Bhind,bhind,4.55,4.84,96666.0,439347.0,41.9085073015298,0.4948902822776467,0.7103302647686601,0.3301796117886161,0.512808778335484,0.1698121406179226,True,4.84,3.98,3.56,4.41,4.126666666666667,0.6524824390995769,0.8599999999999999,47.13262596764455,32.680330758099785,39.906478362872164,1.8824031740893332,-5.224118666114748,0.4875249519702477,0.4575151962614061,0.47252007411582686,0.03973797697890724,0.007365330307398998,0.7048642344522157,0.6754405437878203,0.690152389120018,0.04975428001598581,0.005466030316444437,0.3251196043181528,0.3079918974742072,0.31655575089618,0.029069628460670904,0.0050600074704633125,0.5177482468422901,0.4901034749431966,0.5039258608927434,0.03493058918114811,-0.004939468506806155,0.1899766421796416,0.1518053773420676,0.17089100976085458,0.00495224011015058,-0.020164501561719006
2022,2022 - 2023,1. Madhya Pradesh,Bhopal,bhopal,3.41,3.41,147167.0,501398.0,43.924263579166734,0.4947541274787996,0.733489817261397,0.298768361785345,0.5135075105371733,0.219195145965514,True,3.41,3.43,3.02,3.42,3.2866666666666666,0.23115651263447753,-0.020000000000000018,35.51571053473814,35.91629680295053,35.71600366884434,17.11521490961227,8.408553044428594,0.4813053495519266,0.4677805621703411,0.4745429558611338,0.04008401169442394,0.01344877792687299,0.7238055564452774,0.7063369862090223,0.7150712713271499,0.054370061955791193,0.009684260816119505,0.2827852846133136,0.2778037211198741,0.28029450286659385,0.028606148241554663,0.0159830771720314,0.4785061232180859,0.4794075604237038,0.4789568418208948,0.0639618759233343,0.03500138731908736,0.2300370684299436,0.2269360956794474,0.2284865820546955,-0.003119225744492915,-0.010841922464429582
2022,2022 - 2023,1. Madhya Pradesh,Burhanpur,burhanpur,4.63,5.13,15626.0,72348.0,36.1989994884128,0.4469195504719194,0.6388822617328906,0.2462737865516334,0.3885090244433201,0.1897995119692029,True,5.13,5.49,3.6,5.3100000000000005,4.74,1.003543721020664,-0.3600000000000003,23.97017707418119,24.82092929951601,24.395553186848602,9.75058311146535,12.228822414231612,0.441220343854352,0.3983881245553308,0.41980423420484136,0.03953495494096815,0.005699206617567398,0.6643609762555339,0.5683152801854077,0.6163381282204707,0.05015365354360257,-0.025478714522643275,0.2437049816824423,0.2164470811939736,0.23007603143820796,0.018453761134342106,0.002568804869191088,0.3997076423937981,0.3330638228815285,0.3663857326376633,0.04389267864356644,-0.011198617950477996,0.1914446862553353,0.1891783874822508,0.19031153686879304,0.00386762081822567,-0.0016451742861324226
2022,2022 - 2023,1. Madhya Pradesh,Chhatarpur,chhatarpur,2.71,3.1,315198.0,852926.0,43.72537581795969,0.4784008330352666,0.6915879128937947,0.283856052318215,0.4454423583502593,0.1941466601726387,True,3.1,2.58,2.66,2.84,2.78,0.27999999999999997,0.52,44.40072602167996,42.97431921087405,43.68752261627701,2.640228389841127,-0.6753502037202708,0.4503694490788527,0.4288827305068558,0.4396260897928542,0.06378278388729947,0.028031383956413913,0.6454570940197192,0.6326999071180914,0.6390785005689053,0.09840980260586019,0.04613081887407555,0.2765500449074634,0.2564674843770875,0.26650876464227546,0.03439094983939675,0.007306007410751603,0.420602214165157,0.4067412777247356,0.41367174594494627,0.061098416139075296,0.02484014418510233,0.2155705483172377,0.177165529972342,0.19636803914478984,0.001898895086439395,-0.021423888144599
2022,2022 - 2023,1. Madhya Pradesh,Chhindwara,chhindwara,4.5,4.6,307590.0,1385078.0,81.73023866170026,0.4610610431106373,0.6530541973233899,0.2447079650023037,0.3703208417921648,0.2214997636534859,True,4.6,5.28,5.45,4.9399999999999995,5.109999999999999,0.44977772288098067,-0.6800000000000006,79.72776317770064,74.15578967258448,76.94177642514256,8.521910433067546,2.0024754839996177,0.4624153056609313,0.430239004933814,0.44632715529737266,0.026861494416842602,-0.0013542625502940275,0.6436757434405457,0.6076055245036864,0.6256406339721161,0.04397382493101165,0.009378453882844195,0.2528682422119279,0.2267339845139014,0.23980111336291465,0.009715136878800518,-0.008160277209624173,0.3972694982429003,0.3406202391645549,0.3689448687037276,0.01749474037478227,-0.02694865645073552,0.2355295770688353,0.2150144738116117,0.2252720254402235,-0.007589016213951749,-0.014029813415349396
2022,2022 - 2023,1. Madhya Pradesh,Damoh,damoh,3.01,3.01,172017.0,517255.0,65.21767672671045,0.4489972355238086,0.6705356921094319,0.2587321835946024,0.4236066254085437,0.2360655733687492,True,3.01,2.77,2.44,2.8899999999999997,2.7399999999999998,0.28618176042508364,0.23999999999999977,65.79840340999334,50.29347544858554,58.04593942928944,11.297444783234319,-0.5807266832828901,0.4176815513085182,0.4121271956182939,0.41490437346340603,0.035054535213608684,0.03131568421529041,0.6244216865824213,0.618096825288901,0.6212592559356611,0.05969563042691595,0.046114005527010615,0.251369735748527,0.2377275743375091,0.24454865504301804,0.01450875655831238,0.007362447846075426,0.4079143924494038,0.3912729790292388,0.3995936857393213,0.02959465173749959,0.015692232959139907,0.2475752706654504,0.2324630668280007,0.24001916874672555,-0.0032356957675519493,-0.011509697296701205
2022,2022 - 2023,1. Madhya Pradesh,Datia,datia,3.62,3.61,147578.0,534232.0,33.06789380031731,0.4930555183885591,0.7336596915872048,0.3120859457475484,0.5160054772105198,0.1582758820368195,True,3.61,3.38,3.41,3.495,3.466666666666667,0.1250333288900736,0.22999999999999998,45.482643289008,35.93381107318677,40.708227181097385,-2.7602261288365497,-12.414749488690696,0.4917196681713885,0.4589394499215272,0.47532955904645785,0.035097775147032606,0.0013358502171705866,0.7275266743093277,0.7030509200639035,0.7152887971866155,0.03518667370203188,0.006133017277877073,0.3136375872793805,0.2913284164435926,0.3024830018614866,0.023929387055023343,-0.0015516415318321264,0.5159563575860098,0.5004094928140971,0.5081829252000534,0.01934832922618923,4.911962451004115e-05,0.1896703687038876,0.130548825022944,0.1601095968634158,0.006063432567060684,-0.031394486667068094
2022,2022 - 2023,1. Madhya Pradesh,Dewas,dewas,3.82,3.82,305016.0,1164551.0,25.37122018833726,0.49618243251808,0.7365814461161933,0.2933310056082204,0.502318752667451,0.2176382028835198,True,3.82,3.41,4.36,3.615,3.8633333333333333,0.4764801499887833,0.4099999999999997,29.67769729538968,20.255829692378768,24.966763493884223,7.227057921065629,-4.3064771070524195,0.4816876750412327,0.4642085470302861,0.4729481110357594,0.047858925594156165,0.014494757476847253,0.7273986803637618,0.7047767045647866,0.7160876924642742,0.056460508364094775,0.009182765752431488,0.2757650953497516,0.2717355890156272,0.2737503421826894,0.03172789101957929,0.01756591025846882,0.4776386294320432,0.4709525746016146,0.4742956020168289,0.0650367614689677,0.024680123235407747,0.2275116079666973,0.2257154569809562,0.22661353247382676,-0.0006672270918390566,-0.009873405083177522
2022,2022 - 2023,1. Madhya Pradesh,Dhar,dhar,4.73,5.43,374885.0,1773206.0,5.971001994014447,0.4340660339032974,0.6423218714614973,0.248687639641301,0.4111761172316941,0.208875402957257,True,5.43,5.39,3.6,5.41,4.806666666666667,1.0451953565402656,0.040000000000000036,20.546025625228644,3.286429287631892,11.916227456430269,-0.9616014409351736,-14.575023631214197,0.4524048061618934,0.4297657635993765,0.4410852848806349,0.01996045430872284,-0.01833877225859598,0.6731382791297209,0.6408860954595373,0.6570121872946291,0.02731457547521632,-0.030816407668223578,0.2604856109859065,0.252970103429509,0.25672785720770774,0.006314890565575215,-0.011797971344605501,0.4313291098701153,0.4316941429804365,0.4315116264252759,0.017744047963994924,-0.020152992638421185,0.2328122460093301,0.2233845070540827,0.2280983765317064,-0.005955424159107353,-0.02393684305207308
2022,2022 - 2023,1. Madhya Pradesh,Dindori,dindori,2.59,2.59,60195.0,155664.0,97.8826248940423,0.4869245283331929,0.628428200761122,0.2518336526069433,0.3454555251052576,0.1724349900636614,True,2.59,2.32,1.58,2.455,2.1633333333333336,0.522908532473255,0.27,105.60573926496028,72.70372668412753,89.1547329745439,6.124817912882435,-7.723114370917983,0.4906161627325482,0.4603058734649055,0.4754610180987269,0.024236707459931173,-0.0036916343993553258,0.6243060402602704,0.591295752945679,0.6078008966029746,0.03152464373477937,0.004122160500851679,0.2485985559174253,0.2341503711483157,0.2413744635328705,0.01746434412803141,0.003235096689517991,0.3397482384416336,0.3038659384835301,0.3218070884625819,0.024810838676879943,0.005707286663624023,0.186514298229982,0.1754947726451067,0.18100453543754436,-0.01749715989540873,-0.014079308166320609
2022,2022 - 2023,1. Madhya Pradesh,Guna,guna,4.29,4.49,189024.0,810724.0,37.304530752024185,0.4655859136420535,0.6983754388252758,0.2746525016167345,0.461941309845481,0.2158261462665375,True,4.49,4.74,3.96,4.615,4.396666666666667,0.3982880029995047,-0.25,36.31461255753928,29.422383847324355,32.868498202431816,13.920846431432508,0.9899181944849076,0.4699041152967319,0.4355421790175086,0.45272314715712025,0.03524989888310409,-0.004318201654678389,0.695987500842363,0.6543244542968408,0.6751559775696019,0.059306256368000354,0.0023879379829127023,0.2772849369451334,0.2605889658348868,0.26893695139001006,0.020911945051369618,-0.0026324353283989077,0.4561371934609517,0.4381987634675857,0.4471679784642687,0.04550307964872391,0.005804116384529268,0.2503547104625342,0.214532938997039,0.2324438247297866,-0.003994388690960443,-0.0345285641959967
2022,2022 - 2023,1. Madhya Pradesh,Gwalior,gwalior,3.6,3.62,139382.0,502472.0,33.44446191842001,0.448883261599496,0.6549831557640472,0.2732059292432077,0.441121521167741,0.165514491124074,True,3.62,3.94,4.32,3.7800000000000002,3.9600000000000004,0.3504283093587047,-0.31999999999999984,41.17826552006482,30.73752777810177,35.957896649083295,2.7851756493569617,-7.733803601644809,0.4447888692544351,0.4013108362829017,0.4230498527686684,0.046602494226553104,0.004094392345060871,0.6558494473359434,0.5865179183657525,0.6211836828508479,0.07061577384349582,-0.0008662915718962161,0.2729807730058912,0.2492776464641498,0.2611292097350205,0.02659805091584319,0.00022515623731650392,0.4459104611068694,0.3980781864031285,0.4219943237549989,0.04503995636996716,-0.004788939939128378,0.1939405021520659,0.1454037446406943,0.1696721233963801,0.00799366704157195,-0.028426011027991915
2022,2022 - 2023,1. Madhya Pradesh,Harda,harda,5.28,5.33,97146.0,512931.0,42.7731258093994,0.5192738300257181,0.7675692216656574,0.3139888148000449,0.5475595568234638,0.2403556793354923,True,5.33,5.14,3.51,5.234999999999999,4.659999999999999,1.000449898795537,0.1900000000000004,30.935614899250474,33.39708879856217,32.166351848906324,13.346689868402319,11.837510910148929,0.5108523792488391,0.5044557293440581,0.5076540542964486,0.01957187825113138,0.008421450776879058,0.7704078021458777,0.7514548607882732,0.7609313314670754,0.009549333780908054,-0.002838580480220232,0.3125605673630794,0.314886068065753,0.3137233177144162,0.0046383980039222394,0.001428247436965513,0.5622243426362783,0.5442085073741044,0.5532164250051914,0.004814396969347823,-0.014664785812814496,0.2339894101785341,0.2342581236027989,0.2341237668906665,0.005791621595340246,0.006366269156958176
2022,2022 - 2023,1. Madhya Pradesh,Hoshangabad,hoshangabad,5.14,0.56,270127.0,1388453.0,63.62588184178871,0.5339255535711314,0.7688865801397146,0.3105348557993391,0.5143729244543156,0.2324566798604094,True,0.56,5.63,4.72,3.0949999999999998,3.6366666666666667,2.7030414967834533,-5.07,54.86305543152991,54.03081348737547,54.44693445945269,15.517924541313107,8.762826410258803,0.5200604687232824,0.5138240321954772,0.5169422504593798,0.02256203089624398,0.013865084847848985,0.7671989336235765,0.7528071893825667,0.7600030615030716,0.014776827749507171,0.0016876465161380638,0.2996721428695322,0.3026636630633572,0.3011679029664447,0.00945561445211901,0.010862712929806895,0.5265139529343513,0.5157084026981367,0.521111177816244,0.0035783962541774406,-0.012141028480035732,0.2409349906137283,0.2286520039429672,0.23479349727834775,-0.003136837339618448,-0.008478310753318896
2022,2022 - 2023,1. Madhya Pradesh,Indore,indore,4.81,5.41,209917.0,1009701.0,14.424961623256443,0.4825176437935335,0.7223525698999306,0.283774353349108,0.4842492863513278,0.2339298424728791,True,5.41,6.01,5.15,5.71,5.523333333333333,0.44105933085394877,-0.5999999999999996,26.14489166321714,12.3856068913721,19.265249277294622,2.023290531219322,-11.719930039960698,0.4800019031092165,0.4775776493728115,0.478789776241014,0.02478973132973472,0.002515740684317036,0.7249551322678942,0.704218892145834,0.714587012206864,0.028523880033584748,-0.0026025623679636345,0.2789007157709751,0.2876477908593206,0.28327425331514783,0.009059125023622272,0.004873637578132917,0.480756549799009,0.4913667189067739,0.48606163435289146,0.023208402726856148,0.003492736552318798,0.253667768351558,0.2472596189036513,0.2504636936276047,-0.005396196364364891,-0.019737925878678925
2022,2022 - 2023,1. Madhya Pradesh,Jabalpur,jabalpur,3.92,3.92,195672.0,767426.0,71.7153961201562,0.4914083725674243,0.669723365108277,0.2767003608509695,0.420745837917585,0.2490486969965908,True,3.92,3.83,4.32,3.875,4.023333333333333,0.2608320021265286,0.08999999999999986,68.7196233141368,57.46322716091824,63.09142523752752,12.438815462187286,2.995772806019403,0.47871174900334,0.4703897105530532,0.47455072977819657,0.025384674218415615,0.012696623564084297,0.6778121257959496,0.6550722746287511,0.6664422002123503,0.014033348125206735,-0.008088760687672614,0.2735913712654537,0.269668244685002,0.27162980797522784,0.012263614971536718,0.003108989585515809,0.4265583023460703,0.4118406437775823,0.41919947306182626,0.0086524860047279,-0.0058124644284852645,0.2596012856143747,0.2450302229857321,0.2523157543000534,-0.009226238889944866,-0.010552588617783881
2022,2022 - 2023,1. Madhya Pradesh,Jhabua,jhabua,3.23,3.23,87626.0,283207.0,5.436717347506864,0.3908215034157074,0.5569718743203764,0.2201971012879739,0.3377037195053002,0.2234922093821255,True,3.23,3.1,2.84,3.165,3.0566666666666666,0.19857828011475315,0.1299999999999999,13.286465905726777,1.5242083132529645,7.405337109489871,1.103305625357394,-7.849748558219913,0.4198346266633626,0.3866671767195143,0.4032509016914384,0.021267356342142496,-0.029013123247655148,0.6019538218833833,0.5491747763225798,0.5755642991029816,0.033482373434098656,-0.044981947563006885,0.2329981668485989,0.2161927885094998,0.22459547767904936,0.013159689491390014,-0.012801065560624991,0.3551013567686667,0.3396745541208205,0.3473879554447436,0.02922072595252384,-0.017397637263366517,0.2455789423149024,0.2378468164366811,0.24171287937579175,-0.006911577974615252,-0.02208673293277691
2022,2022 - 2023,1. Madhya Pradesh,Katni,katni,3.81,3.8,196089.0,746119.0,69.34728772088376,0.4770643873328929,0.6687625252067336,0.2711494381901191,0.4218396152034449,0.2407439604948674,True,3.8,3.62,3.47,3.71,3.6300000000000003,0.16522711641858287,0.17999999999999972,67.86503111719513,53.90389006607777,60.884460591636454,7.405108623919105,1.4822566036886258,0.4528346321508056,0.4459595799278899,0.4493971060393478,0.03103798316670575,0.02422975518208731,0.6586290861292045,0.6347494877029422,0.6466892869160733,0.033006692690591866,0.010133439077529172,0.2661524156553383,0.2571524280345854,0.26165242184496185,0.012981104279006117,0.004997022534780793,0.4186053149107135,0.4021928442385272,0.41039907957462035,0.019980767373660002,0.0032343002927313624,0.2508579269027469,0.2371734409816613,0.24401568394220408,-0.009527948331226332,-0.010113966407879482
2022,2022 - 2023,1. Madhya Pradesh,Khandwa,khandwa,2.85,2.85,186223.0,531108.0,33.4266076543161,0.4102968331366706,0.6247050328163828,0.2208865542544106,0.3810819941658452,0.2347730349525424,True,2.85,2.54,3.2,2.6950000000000003,2.8633333333333333,0.33020195840323746,0.31000000000000005,26.699789745447177,24.212390567187686,25.45609015631743,9.601229144603742,6.726817908868924,0.3924265065029378,0.3614459983712944,0.3769362524371161,0.044878777150858196,0.01787032663373278,0.6256521988215341,0.5753327145696991,0.6004924566956167,0.05710867647306728,-0.0009471660051513231,0.210586217628348,0.1936205295631479,0.20210337359574795,0.022359643299660475,0.010300336626062584,0.3776854170974535,0.3402554800046629,0.3589704485510582,0.05065329584286449,0.003396577068391693,0.231336261872379,0.2324427566917342,0.2318895092820566,0.005841791324115636,0.0034367730801634078
2022,2022 - 2023,1. Madhya Pradesh,Khargone,khargone,4.27,4.27,221965.0,947569.0,16.58082792003978,0.4293479129681011,0.6157917796014998,0.2364183264026893,0.3842769735824142,0.2330487547714244,True,4.27,4.35,4.1,4.31,4.239999999999999,0.12767145334803703,-0.08000000000000007,26.70994608016381,14.526757615074208,20.61835184761901,1.0078147506837194,-10.12911816012403,0.420579930155015,0.3967865591718564,0.4086832446634357,0.03594390852607954,0.008767982813086106,0.6354331047423033,0.5936482725699622,0.6145406886561328,0.03458695292676883,-0.019641325140803523,0.2298367137073128,0.2217661052356867,0.22580140947149974,0.014560234796679616,0.006581612695376521,0.3900788176786119,0.3822612708515097,0.3861700442650608,0.028360669735227162,-0.005801844096197717,0.2426145553646562,0.2417330329693131,0.24217379416698465,9.632260663158809e-05,-0.00956580059323181
2022,2022 - 2023,1. Madhya Pradesh,Mandla,mandla,2.31,2.28,78957.0,182391.0,94.87387635871563,0.4657434486649165,0.62097523748406,0.240678078384333,0.345620277576328,0.2456339440000723,True,2.28,3.25,1.95,2.7649999999999997,2.493333333333333,0.6757465007925186,-0.9700000000000002,105.71666318025792,74.82777454836034,90.27221886430914,5.950817615203761,-10.84278682154229,0.4682001089867836,0.4406285324721686,0.4544143207294761,0.023671359969776484,-0.002456660321867088,0.6302261649092399,0.597148686919983,0.6136874259146115,0.023397593295842123,-0.009250927425179856,0.2403960830796752,0.2211244727655037,0.23076027792258946,0.015527346645207246,0.0002819953046578061,0.3498916403645621,0.3049208901480277,0.3274062652562949,0.021359376514474337,-0.00427136278823409,0.256235772121797,0.243926484937083,0.25008112852944,-0.012546886500522797,-0.010601828121724693
2022,2022 - 2023,1. Madhya Pradesh,Mandsaur,mandsaur,3.78,3.78,204901.0,774116.0,34.86089133761377,0.4427930425520856,0.661532095609362,0.2539695972054132,0.4249480651097495,0.2282652654553598,True,3.78,3.62,5.62,3.7,4.34,1.1113955191559846,0.1599999999999997,34.8239353805307,14.748946657652091,24.786441019091395,15.64973527554822,0.03695595708307309,0.4374189271958312,0.3849544162970163,0.41118667174642376,0.03925685017491787,0.0053741153562544275,0.6633030154091641,0.5741508659708766,0.6187269406900204,0.05661160691147937,-0.0017709197998021509,0.2494135722153394,0.2183402663579037,0.23387691928662158,0.01988799462072552,0.004556024990073765,0.4204672906427463,0.358025749064456,0.38924651985360115,0.04411078364656451,0.004480774467003179,0.2596181723972794,0.2406923928376131,0.25015528261744624,-0.005869832410292597,-0.03135290694191961
2022,2022 - 2023,1. Madhya Pradesh,Morena,morena,4.25,4.25,101586.0,431436.0,40.75715936800014,0.457045029754904,0.6436108628700159,0.2973407250646777,0.4485812193833847,0.1664391508657653,True,4.25,4.0,3.58,4.125,3.9433333333333334,0.3385754470326124,0.25,40.57276389892839,30.130980661351323,35.35187228013986,7.197318873232504,0.1843954690717453,0.4399906381907561,0.4154560151684463,0.4277233266796012,0.04131219949450171,0.017054391564147897,0.6298556526104215,0.5915339840146817,0.6106948183125516,0.056240433677206325,0.013755210259594364,0.2870564990273364,0.2775165520642315,0.28228652554578393,0.026490416298719566,0.010284226037341304,0.4398114564129212,0.4292496730866004,0.4345305647497608,0.031075050428469475,0.008769762970463502,0.1916331744573199,0.152951592660708,0.17229238355901394,0.005401027177987239,-0.025194023591554593
2022,2022 - 2023,1. Madhya Pradesh,Narsinghpur,narsinghpur,4.13,4.23,154811.0,639060.0,68.23968169353091,0.5031315768255358,0.6818652765508219,0.2792118924704355,0.4152555311037988,0.2498400830443915,True,4.23,4.21,4.86,4.220000000000001,4.433333333333334,0.36963946398258585,0.020000000000000462,66.48279745378683,59.71907275199335,63.10093510289009,9.14924100463125,1.7568842397440818,0.4814658719297379,0.4805286955664146,0.48099728374807627,0.02811637824719798,0.021665704895797888,0.6558994435541243,0.6526672722567861,0.6542833579054552,0.03607694432191544,0.025965832996697524,0.2737604835047031,0.2668478824346488,0.27030418296967595,0.013125027946635948,0.005451408965732374,0.4055617381651947,0.3979087178209447,0.4017352279930697,0.021604812992611078,0.009693792938604118,0.2606500568195386,0.2502966649238172,0.25547336087167793,-0.009092845803752608,-0.010809973775147114
2022,2022 - 2023,1. Madhya Pradesh,Neemuch,neemuch,4.15,4.16,88493.0,367688.0,35.19374873936903,0.4271765337762916,0.6072698359854358,0.2502545988496383,0.3901610794776666,0.1724365063193186,True,4.16,2.66,4.74,3.41,3.8533333333333335,1.073374740402127,1.5,30.21522472504332,10.822595005665198,20.51890986535426,20.373026952275968,4.978524014325707,0.4407900342654898,0.3657506524735894,0.4032703433695396,0.039896647916277506,-0.013613500489198183,0.6291241429301858,0.5070800509893187,0.5681020969597523,0.05920911534696349,-0.02185430694474999,0.2478959619104614,0.208568548037439,0.2282322549739502,0.02417940824964035,0.0023586369391769,0.3800272554373243,0.3124483543114801,0.3462378048744022,0.05111155249408428,0.010133824040342299,0.2100417759395896,0.1773381363915049,0.19368995616554724,-0.0026754527793092786,-0.037605269620271
2022,2022 - 2023,1. Madhya Pradesh,Niwari,niwari,2.82,2.82,74106.0,209127.0,40.97456443680817,0.4883080142392306,0.7194480451683358,0.3000293333233864,0.4874770160699535,0.1687174176313416,True,2.82,2.59,3.15,2.705,2.8533333333333335,0.2814841617806113,0.22999999999999998,46.534995457232746,40.61205635890588,43.573525908069314,-8.656957502512462,-5.5604310204245735,0.4596805085035699,0.4337616049239622,0.44672105671376605,0.028241171844818225,0.028627505735660697,0.6789841080636857,0.6463237569635776,0.6626539325136316,0.03549304606855308,0.04046393710465013,0.2916877024439221,0.274359626896545,0.28302366467023354,0.01142175513983279,0.008341630879464268,0.4606730275612901,0.4453820645812271,0.4530275460712586,0.018944691764803734,0.02680398850866339,0.1919628258419613,0.1425681609778677,0.1672654934099145,-0.009654133019333211,-0.02324540821061971
2022,2022 - 2023,1. Madhya Pradesh,Panna,panna,2.82,2.82,137478.0,387688.0,53.472712517469816,0.447489310415192,0.6452181809912979,0.2513364833251211,0.3961320511428551,0.1571226445760589,True,2.82,2.43,2.47,2.625,2.5733333333333337,0.2145538005567211,0.3899999999999997,60.17131144200116,48.40633741683144,54.2888244294163,0.3839089109858307,-6.698598924531346,0.4223483851915576,0.400167418772185,0.4112579019818713,0.04516387064285049,0.025140925223634425,0.6137314496393385,0.5835179297599129,0.5986246896996257,0.06463457890122049,0.03148673135195945,0.24621373670206,0.2231961480742728,0.23470494238816642,0.020981668499927386,0.005122746623061086,0.3872925052259703,0.3412606785271505,0.36427659187656036,0.038614176872816375,0.008839545916884795,0.1757920534413727,0.143077584054203,0.15943481874778787,-0.0020415948905300185,-0.01866940886531379
2022,2022 - 2023,1. Madhya Pradesh,Raisen,raisen,3.35,3.35,288918.0,967586.0,54.64621465563739,0.4794469657174308,0.7221957763441386,0.27517792875138,0.4706419059880218,0.2084044702677786,True,3.35,3.46,4.07,3.4050000000000002,3.626666666666667,0.3878573620976318,-0.10999999999999988,46.880463050725055,42.82397865499566,44.852220852860356,16.948945768878374,7.765751604912332,0.4613710981616085,0.4477779038119951,0.4545745009868018,0.031080668270061063,0.0180758675558223,0.708632146021974,0.6817369680999864,0.6951845570609803,0.048066031667064246,0.013563630322164566,0.2634596444309364,0.2538138222272911,0.25863673332911374,0.01608626661686363,0.011718284320443584,0.4466548274198423,0.4431559525083904,0.4449053899641163,0.0388677710771147,0.0239870785681795,0.2183565185163443,0.2118410759870236,0.21509879725168396,-0.003020800588323269,-0.009952048248565687
2022,2022 - 2023,1. Madhya Pradesh,Rajgarh,rajgarh,3.38,3.38,360618.0,1217446.0,30.9463681876563,0.4842541819579377,0.7257403213420233,0.2908527581538286,0.5059435175092648,0.2460137706681998,True,3.38,3.24,2.86,3.31,3.16,0.2690724809414743,0.13999999999999968,28.58207879270002,22.203935474871034,25.393007133785527,11.572518164439195,2.3642893949562804,0.478957567697323,0.4570747554306217,0.46801616156397235,0.04880364288560729,0.005296614260614674,0.7256726095496796,0.6985472308120225,0.7121099201808511,0.07119141550058394,6.771179234366098e-05,0.2762598396456525,0.2713387000590262,0.2737992698523394,0.03780092137679053,0.014592918508176123,0.4668890761215107,0.4689048722731736,0.46789697419734216,0.08444653075982894,0.0390544413877541,0.2677657891897039,0.254966467993792,0.26136612859174796,-0.0056246833345248715,-0.021752018521504102
2022,2022 - 2023,1. Madhya Pradesh,Ratlam,ratlam,4.68,4.78,246133.0,1153133.0,15.843707827878022,0.4616742598339467,0.679298059728644,0.2681706496628723,0.4383993674203644,0.2508982661805539,True,4.78,5.01,3.62,4.895,4.47,0.7450503338701351,-0.22999999999999954,19.10265650789388,6.586533657936896,12.844595082915388,6.947895988627726,-3.258948680015857,0.4666147242912676,0.4496007897253799,0.45810775700832373,0.0284531283254707,-0.004940464457320881,0.6829266779368072,0.6554391172017102,0.6691828975692586,0.04406505949937822,-0.0036286182081631813,0.2666089015516459,0.2625433816032205,0.2645761415774332,0.01484872018478478,0.001561748111226391,0.4287140014452482,0.4280017005733986,0.4283578510093234,0.03668162995991886,0.009685365975116211,0.2753750904379891,0.2685913253205538,0.27198320787927144,-0.007697527685346817,-0.024476824257435192
2022,2022 - 2023,1. Madhya Pradesh,Rewa,rewa,2.86,2.86,346656.0,991436.0,47.840622414233074,0.453720970327663,0.628628622487798,0.2663313946184989,0.3949948868594393,0.1582010161424976,True,2.86,2.58,3.14,2.7199999999999998,2.86,0.28,0.2799999999999998,48.698661615635125,41.834234346269575,45.26644798095235,-4.051307056776679,-0.8580392014020504,0.4390199535765016,0.4180068181284668,0.4285133858524842,0.034118362566332605,0.014701016751161422,0.6140336989348049,0.583777173815662,0.5989054363752334,0.04760234120755236,0.014594923552993189,0.258642816886397,0.2465537190790145,0.25259826798270574,0.017549748540318544,0.007688577732101909,0.3885037209902565,0.3687377051321263,0.3786207130611914,0.022083753346222756,0.006491165869182802,0.1690945551231451,0.1439483914742583,0.1565214732987017,-0.004285260997863499,-0.010893538980647516
2022,2022 - 2023,1. Madhya Pradesh,Sagar,sagar,2.77,2.77,354243.0,979482.0,58.84065624859869,0.4758845102405729,0.7118638317289273,0.2721257174404501,0.4518994446249869,0.2422190095921948,True,2.77,2.85,3.33,2.81,2.983333333333333,0.3028751117760146,-0.08000000000000007,56.39689885355116,50.51569289724339,53.456295875397274,14.694571374978366,2.443757395047534,0.4503561119493247,0.4383641751218138,0.44436014353556924,0.03998246350242968,0.0255283982912482,0.6717510133835511,0.6663325621987211,0.6690417877911361,0.06551012206194384,0.04011281834537617,0.2618636763979118,0.2496257444427067,0.2557447104203092,0.02016321807825261,0.010262041042538306,0.4206161059624468,0.4188689445376267,0.41974252525003675,0.04363204142054078,0.03128333866254007,0.2520010801042249,0.240992304695115,0.24649669239966995,-0.0004756423547280786,-0.009782070512030089
2022,2022 - 2023,1. Madhya Pradesh,Satna,satna,2.71,1.14,325752.0,882788.0,53.928527302449005,0.4525383223473335,0.6525450165406487,0.2612917913533876,0.4102573028541079,0.1604067135838876,True,1.14,2.66,3.2,1.9,2.3333333333333335,1.068144809159008,-1.5200000000000002,61.052875412842624,47.74749159009328,54.40018350146795,-2.6189214804366827,-7.124348110393619,0.4493372663312573,0.4293802362005689,0.4393587512659131,0.028715496839144927,0.003201056016076176,0.64670734163581,0.6184073093151154,0.6325573254754627,0.04818702328639324,0.005837674904838663,0.2675322262608573,0.2495492944945652,0.25854076037771123,0.011657696661113465,-0.006240434907469727,0.4174470271173469,0.3874308853968953,0.4024389562571211,0.023719403301684483,-0.007189724263238995,0.1729474290615628,0.1478487820246727,0.16039810554311773,-0.005806898763219187,-0.012540715477675185
2022,2022 - 2023,1. Madhya Pradesh,Sehore,sehore,3.44,3.44,342604.0,1177873.0,42.68166470333498,0.4981486790439372,0.7492683675101083,0.3021460130646596,0.5217818036909325,0.235949110677131,True,3.44,3.3,3.62,3.37,3.453333333333333,0.160416125540213,0.14000000000000012,39.27296229871188,32.898409640494386,36.085685969603134,15.479239853254793,3.4087024046230994,0.4797416914279966,0.4652012538016636,0.47247147261483013,0.04134415448979584,0.018406987615940618,0.7379819855843378,0.7162519085527677,0.7271169470685528,0.05235131865580367,0.011286381925770472,0.2801922666846952,0.2772803770077059,0.27873632184620056,0.02941829362477183,0.02195374637996439,0.4888941062073484,0.4951018460825294,0.4919979761449389,0.05583305658683807,0.03288769748358411,0.2414423834170071,0.2444845069315003,0.24296344517425372,-0.001101463077422704,-0.005493272739876098
2022,2022 - 2023,1. Madhya Pradesh,Seoni,seoni,4.13,4.23,269794.0,1114789.0,88.52174341842672,0.4571563607994549,0.641001090973126,0.2468188043357101,0.3866535422164789,0.2466230564032807,True,4.23,4.37,4.32,4.300000000000001,4.3066666666666675,0.07094598884597572,-0.13999999999999968,83.95638435130566,74.79276229015646,79.37457332073106,11.04360983645121,4.565359067121065,0.4449811640683105,0.429822465711722,0.4374018148900163,0.027708179489683238,0.012175196731144367,0.6334612724099986,0.6132191965080601,0.6233402344590293,0.03485232159506024,0.007539818563127354,0.2412046058187668,0.2303350685499058,0.2357698371843363,0.01399599795564499,0.005614198516943308,0.3882135912270155,0.3556666527307217,0.3719401219788686,0.02842438282080839,-0.0015600490105365794,0.2541291268115014,0.2413175576043309,0.24772334220791614,-0.009244709922709815,-0.007506070408220711
2022,2022 - 2023,1. Madhya Pradesh,Shahdol,shahdol,2.09,2.09,74491.0,155612.0,79.979267160299,0.4440717161494066,0.577999490663326,0.2444470427101937,0.3286726858814873,0.1985488881757031,True,2.09,1.88,2.48,1.9849999999999999,2.15,0.30446674695276665,0.20999999999999996,86.66262867074724,63.78024961671544,75.22143914373135,-0.05183220960897472,-6.683361510448236,0.4342255363713804,0.4127217754557056,0.423473655913543,0.02857125821241302,0.00984617977802621,0.5607088216858291,0.5414474378918831,0.5510781297888561,0.03253560065072203,0.01729066897749687,0.2376840843351831,0.2295819388685544,0.23363301160186875,0.014884792911624034,0.006762958375010619,0.3197107618792393,0.3065853529464248,0.313148057412832,0.014047361219914734,0.00896192400224799,0.21325940161284,0.1975445631296931,0.20540198237126656,-0.01648089638456321,-0.01471051343713689
2022,2022 - 2023,1. Madhya Pradesh,Shajapur,shajapur,3.28,3.28,232890.0,764578.0,29.64806536434125,0.5111358151625445,0.7741974185988578,0.3107261934480342,0.5427408896808006,0.2518436529026947,True,3.28,3.24,5.39,3.26,3.97,1.2299186964998945,0.03999999999999959,33.32196843238085,22.82593537594921,28.07395190416503,8.046505297494786,-3.6739030680396,0.4927826307555775,0.4841750045871015,0.4884788176713395,0.045489178477260805,0.018353184406966983,0.7411841849718601,0.7435155871557777,0.7423498860638189,0.06815318097905732,0.03301323362699771,0.2877943814818781,0.2951281265351888,0.2914612540085334,0.03321450225942757,0.022931811966156124,0.4812548096954414,0.5206673114365765,0.500961060566009,0.07618442249580004,0.06148607998535921,0.2731596061803802,0.267429109782095,0.2702943579812376,-0.006332112784008803,-0.021315953277685484
2022,2022 - 2023,1. Madhya Pradesh,Sheopur,sheopur,4.38,5.02,96311.0,421361.0,28.506398051583787,0.4444417028912908,0.6329352068649079,0.2516854057916306,0.3878369364114072,0.18133382540082,True,5.02,5.47,4.5,5.244999999999999,4.996666666666666,0.48542077966783953,-0.4500000000000002,29.28481029966408,12.717450678409948,21.001130489037013,10.013383467625498,-0.7784122480802935,0.449714239557913,0.3706575190252483,0.4101858792915807,0.0562570852366398,-0.005272536666622196,0.6638259684075877,0.5251285284847643,0.594477248446176,0.07737397656355915,-0.03089076154267978,0.2607841806589009,0.2199116980331613,0.2403479393460311,0.02512599673448479,-0.009098774867270287,0.4170902884154819,0.332218954558085,0.3746546214867834,0.03924296191780957,-0.029253352004074695,0.2261924803625443,0.1743660957104878,0.20027928803651607,0.0006540619482670318,-0.04485865496172431
2022,2022 - 2023,1. Madhya Pradesh,Shivpuri,shivpuri,3.31,3.31,251726.0,833213.0,30.09948623734007,0.458721141167386,0.6575802585652148,0.2696426970222415,0.4217121120108278,0.1918311093895766,True,3.31,2.96,2.73,3.135,3.0,0.2920616373302047,0.3500000000000001,39.35797227186883,26.927318471800263,33.14264537183455,5.276242403021293,-9.258486034528762,0.453504414893277,0.3948171793111311,0.424160797102204,0.059751297045236296,0.005216726274109018,0.6578844049669164,0.5771401119875704,0.6175122584772434,0.08310102857284485,-0.0003041464017015105,0.2697663412136706,0.235623951817901,0.2526951465157858,0.032762107398577156,-0.00012364419142912864,0.4264451376427874,0.3732017305906083,0.39982343411669785,0.054252246483450006,-0.004733025631959598,0.2291953013571367,0.1753232867010852,0.20225929402911097,0.00017159991777990213,-0.037364191967560106
2022,2022 - 2023,1. Madhya Pradesh,Sidhi,sidhi,2.53,2.53,125388.0,316855.0,55.25078156994483,0.4923806560622098,0.636772621511198,0.276432271702555,0.3740445729657473,0.2101965437157905,True,2.53,2.33,2.37,2.4299999999999997,2.4099999999999997,0.10583005244258346,0.19999999999999973,56.379516021532105,48.47651451434856,52.42801526794033,-6.371258892377391,-1.1287344515872775,0.4842638348173835,0.4694502275101653,0.4768570311637744,0.019281803984679824,0.008116821244826322,0.6145398026830934,0.6082213302327328,0.611380566457913,0.030283303312408916,0.022232818828104572,0.2699297504647456,0.2669196304540587,0.26842469045940215,0.010095980691686268,0.006502521237809422,0.3549903041129443,0.3599882526405716,0.3574892783767579,0.013312222885471403,0.01905426885280298,0.2242465434066533,0.2013423107709692,0.21279442708881124,-0.011617792879992567,-0.014049999690862791
2022,2022 - 2023,1. Madhya Pradesh,Singrauli,singrauli,4.06,4.06,86188.0,349579.0,64.67205187736154,0.4210920527188145,0.5666236571037009,0.2352440389536902,0.3340459777913342,0.1545259817122125,True,4.06,5.6,4.83,4.83,4.83,0.77,-1.54,71.11214677979999,54.29795500443679,62.705050892118386,-9.973170477263494,-6.440094902438446,0.4224619275682734,0.4011394779594125,0.41180070276384295,0.014097680657588318,-0.0013698748494588853,0.5467680727705866,0.5270515436900459,0.5369098082303163,0.03525053544175538,0.019855584333114296,0.2321290593665853,0.2246975766516772,0.22841331800913123,0.0088414940268155,0.00311497958710491,0.3201228071014472,0.3091643017322729,0.31464355441686004,0.020878266179524374,0.013923170689887021,0.1691091481582615,0.1456628647847585,0.15738600647151002,-0.010165762214585122,-0.014583166446049012
2022,2022 - 2023,1. Madhya Pradesh,Tikamgarh,tikamgarh,3.0,3.0,209544.0,628632.0,40.97456443680817,0.4883080142392306,0.7194480451683358,0.3000293333233864,0.4874770160699535,0.1687174176313416,True,3.0,2.88,3.07,2.94,2.983333333333333,0.09609023536933048,0.1200000000000001,46.534995457232746,40.61205635890588,43.573525908069314,4.037693202897046,-5.5604310204245735,0.4596805085035699,0.4337616049239622,0.44672105671376605,0.06979780870779739,0.028627505735660697,0.6789841080636857,0.6463237569635776,0.6626539325136316,0.10869785790162456,0.04046393710465013,0.2916877024439221,0.274359626896545,0.28302366467023354,0.03720949546140562,0.008341630879464268,0.4606730275612901,0.4453820645812271,0.4530275460712586,0.07204959214347656,0.02680398850866339,0.1919628258419613,0.1425681609778677,0.1672654934099145,0.007956473203757086,-0.02324540821061971
2022,2022 - 2023,1. Madhya Pradesh,Ujjain,ujjain,3.59,3.59,452752.0,1624927.0,20.782774004492666,0.5211987275041676,0.7911869469551656,0.3161458926595182,0.5484597834338809,0.2503509884768877,True,3.59,3.4,4.32,3.495,3.77,0.4856953777832359,0.18999999999999995,27.570113010839734,12.219623617084515,19.894868313962125,6.472353256518494,-6.787339006347068,0.5130394753478333,0.5106452563769476,0.5118423658623905,0.03504233410994073,0.008159252156334285,0.764324258873402,0.7632169769227234,0.7637706178980628,0.06010933585465661,0.02686268808176351,0.3104046930332386,0.3179622257670767,0.3141834594001577,0.01869292199934358,0.005741199626279614,0.519497749302301,0.5361377472367912,0.5278177482695461,0.05526623338261272,0.02896203413157994,0.273884671392977,0.2666910532833454,0.2702878623381612,-0.007535144512634762,-0.023533682916089316
2022,2022 - 2023,1. Madhya Pradesh,Umaria,umaria,2.17,2.07,77562.0,168542.0,70.91737433169901,0.4859640159701416,0.6296556785962963,0.2670481600519812,0.3676029714906725,0.2348557600016273,True,2.07,1.86,1.97,1.9649999999999999,1.9666666666666666,0.10503967504392474,0.20999999999999974,74.59473028542978,59.56988371572542,67.0823070005776,0.36950236302971007,-3.6773559537307676,0.4751348390065019,0.4585345687231675,0.4668347038648347,0.02314302784022737,0.01082917696363972,0.6268179835116678,0.6138321354982093,0.6203250595049385,0.017205914839072523,0.0028376950846285,0.2622206049381875,0.2508295484574833,0.2565250766978354,0.012312115190411366,0.00482755511379368,0.3598487831519367,0.3486939415729557,0.35427136236244616,0.00965187225527131,0.007754188338735812,0.2492046098472247,0.2337965814673529,0.24150059565728882,-0.016369573713776703,-0.014348849845597395
2022,2022 - 2023,1. Madhya Pradesh,Vidisha,vidisha,3.41,3.41,326580.0,1113638.0,44.87918111535989,0.4966442299302437,0.7691448420038826,0.3026757674545272,0.5367470479611474,0.2410824816407693,True,3.41,3.07,2.92,3.24,3.1333333333333333,0.2510644007686741,0.3400000000000003,38.8605618039706,38.11682154015778,38.48869167206419,15.18234153702561,6.018619311389294,0.4903154349490727,0.4723378757485644,0.4813266553488186,0.02824891657709394,0.006328794981171004,0.7580073263274077,0.7537451846201612,0.7558762554737845,0.04085149194851412,0.011137515676474807,0.2939979906233768,0.2845972094438038,0.2892976000335903,0.01779733100245212,0.008677776831150397,0.505792074882046,0.5260702776528329,0.5159311762674395,0.04031371567201014,0.030954973079101333,0.2517587300968055,0.2420255819837905,0.24689215604029802,-0.00015273671067184136,-0.01067624845603618
